cap1,cap2,cap3,cap4,X,Y
0.4797,0.95885,0.87747,0.95725,0.63765,1.8491
0.47737,0.974,0.91681,0.96472,0.63765,1.8491
0.47651,0.98195,0.94464,0.96984,0.64098,1.9024
0.47605,0.98312,0.95873,0.97143,0.64226,1.9655
0.47574,0.98039,0.96084,0.96898,0.64336,2.0056
0.47603,0.97827,0.95484,0.96434,0.64448,2.0251
0.47656,0.97905,0.9529,0.95929,0.64597,2.0412
0.47731,0.98345,0.94813,0.95577,0.76481,2.0466
0.47796,0.98939,0.94451,0.9542,0.74205,2.0617
0.47831,0.99502,0.94605,0.95399,0.69274,2.0858
0.47857,0.99853,0.94715,0.95346,0.63588,2.1224
0.47859,0.9999,0.94599,0.95047,0.60236,2.1319
0.47841,0.99971,0.94563,0.94301,0.59531,2.1083
0.47816,0.99893,0.94807,0.92818,0.61281,2.0757
0.47764,0.99874,0.95262,0.90215,0.6501,2.0192
0.47718,0.99995,0.95785,0.86618,0.67448,1.9622
0.47666,0.99114,0.9622,0.82842,0.67275,1.9114
0.47599,0.98583,0.96569,0.79195,0.65894,1.8559
0.47551,0.98767,0.96802,0.76011,0.63334,1.761
0.47538,0.98753,0.96953,0.73777,0.62596,1.6456
0.47529,0.98594,0.97092,0.72501,0.6317,1.5507
0.47544,0.98257,0.97266,0.72295,0.63416,1.4724
0.47564,0.97304,0.97371,0.72911,0.6341,1.379
0.47583,0.96587,0.97357,0.74516,0.62737,1.3176
0.47586,0.95821,0.97342,0.77216,0.60282,1.242
0.47564,0.95032,0.97052,0.80654,0.56964,1.1877
0.47553,0.94309,0.96873,0.84395,0.52169,1.1103
0.47578,0.93662,0.96657,0.87808,0.5006,1.0632
0.47653,0.93147,0.96595,0.90571,0.5087,1.0011
0.47735,0.93107,0.96505,0.92495,0.54019,0.9208
0.47798,0.93241,0.96461,0.93679,0.57178,0.86152
0.47812,0.93446,0.96438,0.94157,0.60067,0.78674
0.47747,0.93507,0.96361,0.94268,0.60634,0.73609
0.47591,0.93477,0.96274,0.94031,0.6019,0.6607
0.47423,0.9351,0.96179,0.93815,0.60455,0.80933
0.47176,0.9324,0.9567,0.93921,0.64585,0.64677
0.47073,0.9342,0.95554,0.94067,0.66127,0.73117
0.46914,0.93719,0.95439,0.94192,0.6879,0.81207
0.46721,0.93926,0.95328,0.9427,0.7294,0.85947
0.46554,0.93971,0.95213,0.94289,0.81672,0.91012
0.46463,0.93882,0.95104,0.94243,0.88836,0.93292
0.46511,0.93526,0.95021,0.94138,0.96416,0.96244
0.46678,0.93235,0.9495,0.94017,1.0031,0.99793
0.46909,0.93058,0.94899,0.93929,1.0238,1.054
0.47108,0.92798,0.94865,0.9394,1.0335,1.1256
0.47217,0.9256,0.94821,0.94053,1.0586,1.2212
0.47209,0.92306,0.94723,0.94232,1.1134,1.2872
0.4712,0.92104,0.94501,0.944,1.1627,1.3098
0.47043,0.92022,0.9413,0.94489,1.2512,1.3507
0.47049,0.92161,0.93616,0.94489,1.3104,1.3835
0.47156,0.92283,0.93017,0.94455,1.3486,1.4356
0.47316,0.92162,0.92439,0.94501,1.3946,1.5189
0.47491,0.91679,0.91953,0.94705,1.4264,1.567
0.47639,0.90943,0.91587,0.95105,1.4873,1.6398
0.47743,0.90088,0.91256,0.95599,1.5526,1.7006
0.47799,0.89415,0.90853,0.9606,1.6878,1.8045
0.47856,0.89001,0.9026,0.96325,1.739,1.8374
0.47926,0.88757,0.89493,0.96348,1.7409,1.8306
0.47998,0.88528,0.88644,0.96154,1.7833,1.8984
0.48038,0.88157,0.87904,0.95839,1.8163,1.9825
0.48032,0.87616,0.87444,0.95545,1.8473,2.0523
0.47987,0.86959,0.87357,0.95343,1.8881,2.1177
0.47924,0.86317,0.87697,0.95289,1.9465,2.1513
0.47879,0.85817,0.88319,0.95378,2.0219,2.165
0.47877,0.85582,0.89091,0.95539,2.0767,2.1785
0.4793,0.85622,0.89848,0.95699,2.1415,2.1968
0.4801,0.85736,0.90474,0.95816,2.2082,2.2274
0.4809,0.85778,0.90926,0.95865,2.2588,2.2475
0.48139,0.85382,0.91219,0.95908,2.3152,2.239
0.48152,0.84175,0.91452,0.95921,2.3289,2.2101
0.48134,0.81576,0.91699,0.95921,2.3132,2.1611
0.48095,0.76546,0.92008,0.95891,2.2839,2.0773
0.48045,0.68779,0.92342,0.95825,2.3681,2.0105
0.47979,0.58377,0.92638,0.95709,2.4004,1.927
0.47888,0.46024,0.92826,0.95535,2.3319,1.8584
0.47784,0.33726,0.92918,0.95378,2.3521,1.7871
0.47689,0.23402,0.92966,0.9529,2.3802,1.67
0.47641,0.1748,0.93067,0.95249,2.368,1.6101
0.47651,0.16557,0.93279,0.95274,2.3493,1.5021
0.47706,0.20637,0.93604,0.95282,2.334,1.3942
0.47762,0.29126,0.93994,0.95317,2.3247,1.3446
0.47768,0.39964,0.94363,0.95277,2.3364,1.261
0.47699,0.51664,0.94652,0.95072,2.3528,1.1934
0.47568,0.62621,0.94822,0.95044,2.3743,1.1137
0.47393,0.71769,0.949,0.94976,2.3716,1.047
0.47181,0.7868,0.94922,0.94852,2.3538,0.99638
0.46969,0.83211,0.94944,0.94659,2.314,0.90906
0.46758,0.85861,0.94961,0.94394,2.2902,0.84021
0.46525,0.87262,0.94973,0.94215,2.287,0.74579
0.46235,0.87822,0.94903,0.94278,2.2821,0.63668
0.45781,0.88059,0.94711,0.94521,2.2635,0.5567
0.44939,0.88162,0.94426,0.94901,2.2326,0.52609
0.43221,0.88273,0.94079,0.95259,2.1872,0.52151
0.40329,0.8842,0.93757,0.95457,2.1314,0.54163
0.36144,0.88613,0.93533,0.95433,2.081,0.55513
0.30835,0.88856,0.93494,0.95193,1.9478,0.55508
0.25361,0.89161,0.93566,0.94878,1.8565,0.54783
0.20714,0.89522,0.93693,0.94593,1.7155,0.52823
0.18174,0.89914,0.9386,0.94504,1.6278,0.51516
0.18073,0.90412,0.94101,0.94581,1.5362,0.5269
0.20303,0.90934,0.94252,0.94783,1.4536,0.54391
0.24429,0.91461,0.94362,0.95037,1.3243,0.56266
0.29236,0.92004,0.94417,0.95272,1.2348,0.55864
0.33959,0.92516,0.94478,0.9546,1.1458,0.53983
0.37967,0.9301,0.94494,0.95582,1.0679,0.40623
0.41093,0.93468,0.94513,0.95642,1.0491,0.3388
0.43394,0.93823,0.94584,0.9563,0.96167,0.42013
0.44912,0.93918,0.94617,0.95521,0.83894,0.61006
0.45928,0.9366,0.94622,0.95333,0.75451,0.69633
0.46583,0.93002,0.94677,0.95121,0.72297,0.73225
0.46982,0.9199,0.94599,0.95006,0.75279,0.70083
0.47245,0.9087,0.94583,0.94939,0.70173,0.73374
0.47425,0.8995,0.94611,0.94527,0.6348,0.77955
0.47549,0.89517,0.94631,0.92548,0.56733,0.85392
0.47637,0.89627,0.94577,0.87697,0.5505,0.91795
0.47698,0.90197,0.94423,0.79026,0.56025,1.012
0.47741,0.90943,0.94198,0.66192,0.57336,1.0826
0.47785,0.91709,0.93965,0.51574,0.57947,1.1788
0.47831,0.92326,0.9375,0.38049,0.5524,1.2866
0.47873,0.92586,0.93588,0.2959,0.52765,1.362
0.47902,0.92584,0.93421,0.27771,0.50873,1.449
0.47921,0.9241,0.9323,0.32482,0.50649,1.5089
0.47944,0.92054,0.93071,0.42278,0.5176,1.6035
0.47987,0.91623,0.92903,0.53672,0.53839,1.7132
0.48051,0.91359,0.92806,0.64424,0.55014,1.7899
0.48119,0.91119,0.92778,0.72901,0.53559,1.8696
0.48165,0.90993,0.92722,0.79132,0.50865,1.9444
0.48173,0.90945,0.92558,0.83527,0.48801,1.9953
0.4813,0.90885,0.92096,0.86516,0.48473,2.0591
0.4807,0.90799,0.91197,0.88646,0.52627,2.1437
0.48017,0.90768,0.89821,0.90125,0.57908,2.1892
0.47993,0.90966,0.87833,0.91074,0.64916,2.2134
0.47988,0.91244,0.85269,0.91706,0.70278,2.2239
0.47989,0.91533,0.82253,0.92147,0.73436,2.2477
0.4799,0.91811,0.79013,0.92415,0.79168,2.3119
0.47998,0.91909,0.75911,0.92584,0.82988,2.3576
0.48028,0.91768,0.73083,0.92669,0.87085,2.3994
0.48086,0.91418,0.70219,0.92718,0.90062,2.4158
0.48169,0.91222,0.66342,0.9279,0.94415,2.4205
0.48283,0.91187,0.60293,0.92949,0.9783,2.4056
0.4838,0.91264,0.50699,0.93242,1.018,2.3701
0.48433,0.91314,0.38161,0.936,1.0551,2.3544
0.48446,0.91419,0.24155,0.93952,1.0853,2.3623
0.48424,0.91591,0.11557,0.94232,1.1308,2.3858
0.48378,0.91841,0.030494,0.9435,1.1829,2.4241
0.48323,0.92162,0.00019141,0.94427,1.2527,2.4514
0.48273,0.92566,0.028728,0.94436,1.3204,2.4207
0.4823,0.92894,0.092508,0.94508,1.372,2.3934
0.48195,0.93002,0.1721,0.94711,1.4364,2.3659
0.48169,0.92787,0.25108,0.94924,1.5056,2.352
0.48154,0.92392,0.32277,0.95121,1.5861,2.3459
0.48149,0.91861,0.38989,0.95209,1.642,2.3486
0.4815,0.91276,0.45897,0.95148,1.7235,2.3739
0.48182,0.90893,0.53314,0.95032,1.8029,2.3959
0.4821,0.90684,0.61053,0.94861,1.8574,2.3993
0.4818,0.90624,0.68525,0.94751,1.8914,2.3913
0.48087,0.90615,0.75138,0.9477,1.9316,2.3698
0.47994,0.90581,0.80467,0.94968,1.9996,2.3237
0.47877,0.90439,0.8427,0.95308,2.0331,2.3065
0.47774,0.90159,0.86932,0.95625,2.0799,2.2893
0.47727,0.89723,0.88673,0.95898,2.0164,2.2857
0.47766,0.89078,0.89776,0.95989,2.0366,2.2855
0.47862,0.88072,0.90564,0.9596,2.1574,2.266
0.47988,0.86381,0.91207,0.95836,2.3316,2.2387
0.48105,0.83278,0.91729,0.95717,2.3226,2.1696
0.48177,0.78252,0.92193,0.95617,2.2866,2.0863
0.48188,0.71076,0.92628,0.95666,2.2553,2.0102
0.48137,0.61959,0.93008,0.95806,2.2577,1.9579
0.48054,0.52435,0.93295,0.95852,2.2761,1.884
0.47966,0.44029,0.93542,0.95826,2.295,1.7999
0.47892,0.38693,0.93718,0.95768,2.3095,1.7177
0.47838,0.36962,0.93851,0.95664,2.3186,1.6392
0.47803,0.38682,0.93966,0.95554,2.3075,1.5458
0.47781,0.43239,0.94108,0.95408,2.2768,1.4535
0.47759,0.49145,0.94237,0.95246,2.2557,1.3873
0.47727,0.55488,0.94318,0.95097,2.2408,1.3027
0.47666,0.61626,0.94364,0.95022,2.2464,1.2466
0.47566,0.67413,0.94288,0.95055,2.2599,1.1919
0.4742,0.72764,0.94099,0.95097,2.2888,1.1033
0.47226,0.77539,0.93827,0.95119,2.3187,1.0111
0.46988,0.81636,0.93597,0.9512,2.324,0.95518
0.46731,0.84915,0.93492,0.95088,2.3064,0.88097
0.46447,0.87173,0.93588,0.9505,2.2836,0.80592
0.46143,0.8857,0.93774,0.95016,2.2696,0.76131
0.45828,0.89191,0.94061,0.95001,2.259,0.68552
0.4553,0.89223,0.94282,0.94984,2.2552,0.62319
0.45272,0.88916,0.94516,0.94916,2.2202,0.58155
0.4512,0.88478,0.94574,0.94752,2.1985,0.57044
0.45094,0.88092,0.94524,0.94473,2.1746,0.60089
0.45137,0.8784,0.94506,0.94144,2.1681,0.65784
0.45221,0.87752,0.94654,0.93837,2.1757,0.72997
0.45306,0.87707,0.94705,0.93616,2.1678,0.78643
0.45382,0.87708,0.9481,0.93589,2.1402,0.81079
0.45489,0.87756,0.94891,0.93725,2.0891,0.82861
0.45676,0.87805,0.95019,0.93922,2.0145,0.85872
0.45929,0.87877,0.95084,0.94047,1.9428,0.90883
0.46219,0.8801,0.95126,0.94063,1.9038,0.95039
0.46514,0.88237,0.95124,0.93975,1.849,1.0293
0.46751,0.88484,0.95111,0.93838,1.81,1.1055
0.46927,0.88688,0.95187,0.93708,1.7831,1.0836
0.47043,0.88749,0.95023,0.93657,1.7135,1.0936
0.47162,0.88635,0.94724,0.93661,1.6425,1.1592
0.4731,0.88425,0.94283,0.93685,1.5533,1.3175
0.47487,0.88272,0.93682,0.93628,1.5058,1.3691
0.47706,0.88344,0.93178,0.9344,1.4665,1.4454
0.47979,0.88743,0.92857,0.93169,1.4306,1.5189
0.48277,0.8948,0.92496,0.92814,1.3706,1.6029
0.48555,0.90307,0.92264,0.92424,1.3079,1.6691
0.48764,0.90996,0.92002,0.92048,1.2462,1.7091
0.48845,0.91338,0.91571,0.91741,1.1519,1.7491
0.48809,0.91342,0.90889,0.91552,1.0924,1.7881
0.48663,0.91124,0.90011,0.91418,1.0267,1.8705
0.48441,0.90874,0.89152,0.91337,0.98346,1.9514
0.48205,0.90752,0.88498,0.9121,0.94969,2.0206
0.47991,0.90766,0.88185,0.91044,0.91938,2.0718
0.47847,0.9087,0.88135,0.90837,0.85314,2.1177
0.47784,0.90994,0.88491,0.9062,0.76022,2.1565
0.47803,0.91075,0.89132,0.90472,0.68192,2.1833
0.47874,0.9111,0.89685,0.90491,0.62159,2.2077
0.47966,0.91171,0.9007,0.90649,0.57175,2.2391
0.48053,0.9131,0.90351,0.90766,0.51863,2.2937
0.48109,0.91529,0.9049,0.90348,0.49608,2.2978
0.48133,0.91847,0.90511,0.88755,0.48744,2.2664
0.48123,0.92182,0.90746,0.85358,0.52186,2.1701
0.48095,0.92312,0.91342,0.79559,0.55297,2.0932
0.48052,0.9242,0.92067,0.71891,0.5693,2.0225
0.48032,0.92666,0.92833,0.63289,0.56426,1.9185
0.48045,0.92809,0.93519,0.55424,0.54524,1.8523
0.48106,0.92872,0.93942,0.49883,0.52854,1.7825
0.48202,0.92997,0.94108,0.47631,0.50533,1.6867
0.48301,0.93145,0.94076,0.49403,0.51076,1.6082
0.48359,0.93182,0.93974,0.54293,0.52981,1.539
0.48356,0.93218,0.93894,0.61286,0.56217,1.4371
0.48287,0.93298,0.93894,0.69197,0.57176,1.3309
0.48188,0.93448,0.93955,0.76714,0.54286,1.2209
0.48086,0.9353,0.94044,0.8308,0.51371,1.1295
0.48005,0.9352,0.94132,0.87641,0.50569,1.0312
0.47945,0.93402,0.94227,0.90523,0.51574,0.94688
0.4791,0.93307,0.94347,0.92015,0.53022,0.89011
0.47883,0.9323,0.94448,0.92505,0.5636,0.80474
0.47848,0.93219,0.94581,0.92597,0.58592,0.74729
0.47798,0.93282,0.94702,0.92648,0.59864,0.70636
0.47448,0.93465,0.94056,0.9401,0.75188,0.78609
0.47475,0.93122,0.93724,0.93893,0.81673,0.87476
0.47499,0.92752,0.93479,0.93738,0.90709,0.94617
0.47524,0.92496,0.93347,0.93656,0.96729,0.99077
0.47564,0.92481,0.93294,0.93703,1.0401,1.0494
0.47649,0.92609,0.93207,0.93871,1.0908,1.118
0.4779,0.92761,0.93026,0.94111,1.139,1.2175
0.47928,0.92744,0.92688,0.94313,1.1746,1.2852
0.48051,0.92448,0.92192,0.94433,1.2427,1.3684
0.48122,0.91904,0.91582,0.94485,1.3244,1.429
0.48176,0.912,0.90857,0.94509,1.408,1.4783
0.48221,0.90478,0.90087,0.94507,1.5072,1.5406
0.48257,0.899,0.89333,0.94551,1.6181,1.6715
0.48286,0.89643,0.88673,0.94649,1.6683,1.7473
0.48275,0.89611,0.88089,0.94819,1.703,1.808
0.48252,0.89699,0.87587,0.94997,1.7381,1.8518
0.48193,0.89792,0.87144,0.95144,1.7772,1.8788
0.48124,0.89706,0.86731,0.95253,1.8251,1.9146
0.48061,0.89387,0.86349,0.95292,1.8692,1.9468
0.48004,0.88723,0.86045,0.95269,1.9375,1.9986
0.47951,0.87767,0.85858,0.95207,1.9806,2.0499
0.479,0.86972,0.85909,0.95132,2.0026,2.1027
0.4784,0.86442,0.86244,0.95071,2.0423,2.1769
0.47789,0.86047,0.86887,0.95035,2.0787,2.2067
0.47763,0.85628,0.87799,0.95034,2.1322,2.2065
0.47748,0.85098,0.88809,0.95053,2.1766,2.1547
0.47767,0.83948,0.89779,0.95022,2.2022,2.1106
0.47791,0.81908,0.90607,0.94968,2.2201,2.0748
0.47792,0.78808,0.91226,0.94918,2.2411,2.0538
0.4779,0.74869,0.9166,0.94889,2.2852,2.0301
0.47793,0.70262,0.91939,0.94867,2.3342,1.9946
0.47809,0.64751,0.92108,0.94964,2.3961,1.9238
0.47852,0.57833,0.92233,0.94976,2.4069,1.873
0.47925,0.48836,0.92374,0.94905,2.3726,1.8074
0.48002,0.37075,0.92567,0.94816,2.3322,1.7535
0.48052,0.23781,0.92791,0.94756,2.2846,1.6813
0.48057,0.11142,0.92997,0.94763,2.2783,1.6106
0.48008,0.028913,0.93109,0.94847,2.303,1.5388
0.47928,0.01528,0.93098,0.94953,2.3386,1.4521
0.47841,0.077166,0.92983,0.9511,2.3604,1.3956
0.47771,0.20624,0.92821,0.95228,2.3623,1.3372
0.47719,0.36264,0.92699,0.95307,2.3381,1.2928
0.47672,0.51454,0.92667,0.95363,2.2951,1.2314
0.47607,0.6342,0.92751,0.95413,2.2683,1.1682
0.47506,0.71737,0.92919,0.95449,2.2685,1.1312
0.47354,0.77038,0.93132,0.95448,2.2931,1.016
0.47167,0.80284,0.93335,0.95382,2.3256,0.94874
0.4696,0.82665,0.93483,0.95265,2.3565,0.88388
0.46724,0.84567,0.93558,0.95128,2.3746,0.8051
0.4643,0.86045,0.93581,0.95008,2.3534,0.73347
0.46041,0.87113,0.93624,0.9492,2.3328,0.67369
0.45507,0.87801,0.93746,0.94846,2.2995,0.61327
0.44758,0.88049,0.93982,0.94755,2.2728,0.58688
0.43787,0.88063,0.94263,0.94635,2.2293,0.56219
0.42572,0.87967,0.94486,0.94506,2.1671,0.50665
0.4096,0.87942,0.94574,0.94415,2.1065,0.45308
0.38684,0.88005,0.94408,0.94401,2.0369,0.45266
0.35375,0.88169,0.94046,0.94474,1.9518,0.48562
0.30586,0.88408,0.93652,0.94615,1.8906,0.5162
0.24594,0.8854,0.93418,0.94767,1.8071,0.54965
0.18144,0.88622,0.93332,0.94878,1.7091,0.5689
0.12719,0.88731,0.93355,0.949,1.6556,0.5612
0.096977,0.89014,0.93409,0.94819,1.5881,0.54414
0.098323,0.895,0.93489,0.94645,1.4904,0.51788
0.13342,0.90173,0.93569,0.94406,1.4441,0.51497
0.1882,0.90994,0.93664,0.94166,1.3746,0.53476
0.24943,0.91704,0.93792,0.93976,1.3225,0.55887
0.30388,0.92174,0.938,0.93889,1.2553,0.57923
0.34647,0.92575,0.93772,0.93906,1.1847,0.58228
0.37792,0.93028,0.93749,0.93997,1.1149,0.56849
0.40106,0.93743,0.93791,0.94107,1.0664,0.55021
0.4201,0.94671,0.93772,0.94177,1.0041,0.52891
0.43627,0.95688,0.93775,0.94207,0.95378,0.52566
0.44934,0.96304,0.93822,0.94081,0.878,0.55954
0.45913,0.96344,0.93889,0.93885,0.81527,0.58156
0.46576,0.95646,0.94005,0.93656,0.76977,0.58771
0.46963,0.94336,0.94092,0.93472,0.68964,0.5937
0.47189,0.9282,0.94122,0.93413,0.62215,0.59944
0.4732,0.91423,0.94081,0.93478,0.55806,0.60508
0.47403,0.90443,0.9399,0.93705,0.53773,0.62052
0.47472,0.89944,0.93879,0.93905,0.52745,0.66887
0.47545,0.89904,0.9377,0.93729,0.53847,0.75918
0.47632,0.90203,0.93712,0.92325,0.5546,0.81784
0.47732,0.90653,0.93717,0.88948,0.56579,0.8866
0.47844,0.91227,0.93786,0.8326,0.554,0.95031
0.47935,0.91861,0.93867,0.75253,0.51911,1.0497
0.48013,0.92542,0.93839,0.66102,0.49216,1.1469
0.48058,0.93272,0.93681,0.56939,0.4838,1.2123
0.48091,0.939,0.93444,0.49411,0.49752,1.3036
0.48124,0.94357,0.93149,0.44535,0.52058,1.3805
0.48164,0.94628,0.92865,0.42763,0.5588,1.4959
0.48207,0.94634,0.92669,0.44523,0.57588,1.5811
0.48254,0.94402,0.92574,0.49228,0.56789,1.669
0.48303,0.94002,0.92546,0.562,0.54204,1.7843
0.48356,0.93543,0.92505,0.6463,0.52017,1.8669
0.4841,0.93146,0.92355,0.73166,0.52417,1.9085
0.48455,0.92876,0.92023,0.80765,0.54838,1.9872
0.48411,0.9267,0.91425,0.86445,0.56633,2.0512
0.48349,0.92587,0.90569,0.9015,0.60216,2.122
0.48277,0.92602,0.89477,0.92172,0.6431,2.1875
0.48239,0.92579,0.88118,0.92977,0.65854,2.2317
0.48257,0.92455,0.86334,0.93259,0.67799,2.3116
0.48344,0.9236,0.83706,0.93346,0.70053,2.3668
0.48483,0.92267,0.7925,0.93397,0.75738,2.374
0.48624,0.92191,0.72198,0.93454,0.8602,2.3435
0.48725,0.92156,0.62248,0.93519,0.93019,2.3159
0.4876,0.92268,0.49677,0.93639,1.0165,2.2972
0.48745,0.92515,0.36662,0.93828,1.0978,2.3191
0.48698,0.92789,0.25587,0.94091,1.1949,2.3596
0.48641,0.9312,0.19336,0.94456,1.2586,2.3749
0.48589,0.93293,0.18664,0.94799,1.3449,2.3803
0.4855,0.93186,0.2294,0.95032,1.4186,2.3739
0.4854,0.92754,0.30571,0.95079,1.4951,2.3567
0.48573,0.92176,0.39017,0.94905,1.5885,2.3329
0.48663,0.91649,0.46869,0.94591,1.6401,2.3217
0.488,0.91284,0.53523,0.94238,1.7164,2.3316
0.48955,0.9108,0.59438,0.93974,1.7827,2.3583
0.49078,0.90916,0.65105,0.93808,1.8411,2.3938
0.49066,0.90666,0.70683,0.93767,1.9047,2.4165
0.48959,0.90254,0.75929,0.93828,1.9427,2.4069
0.48785,0.89697,0.80442,0.93947,1.9977,2.3756
0.48619,0.89107,0.83795,0.9405,2.043,2.3359
0.48495,0.88506,0.85974,0.9412,2.0943,2.2792
0.4843,0.87828,0.87266,0.94164,2.0615,2.2534
0.48414,0.8689,0.8802,0.94208,2.1355,2.2347
0.48413,0.85083,0.88599,0.94229,2.2823,2.2072
0.48378,0.81765,0.89211,0.94287,2.333,2.1627
0.48281,0.75119,0.89857,0.94335,2.3517,2.0754
0.4814,0.6422,0.90504,0.94361,2.325,2.0027
0.48017,0.49332,0.91094,0.9434,2.3006,1.9013
0.47966,0.31943,0.91608,0.94264,2.3055,1.8209
0.47967,0.15688,0.92052,0.94168,2.3051,1.7713
0.47996,0.039242,0.92457,0.94093,2.324,1.6841
0.48033,0.0015479,0.92831,0.9408,2.3618,1.5818
0.48043,0.042793,0.93152,0.94126,2.3827,1.5103
0.48011,0.14659,0.93386,0.94204,2.384,1.4309
0.47939,0.28706,0.93492,0.94276,2.3524,1.353
0.47814,0.43093,0.93478,0.9432,2.328,1.3014
0.47661,0.55948,0.93387,0.9434,2.314,1.2323
0.47491,0.66137,0.93279,0.94303,2.3329,1.1694
0.47325,0.73833,0.9319,0.94259,2.3713,1.0772
0.47175,0.79494,0.93122,0.94226,2.4035,0.98425
0.47037,0.83156,0.93089,0.94212,2.4024,0.93785
0.46875,0.85491,0.93209,0.94218,2.3744,0.86899
0.46646,0.86871,0.9357,0.94262,2.3399,0.80949
0.46299,0.8758,0.94003,0.94361,2.3142,0.74983
0.45837,0.8794,0.94168,0.945,2.2821,0.69803
0.45257,0.8814,0.94252,0.94671,2.2632,0.65352
0.4445,0.88323,0.9437,0.94822,2.2379,0.57923
0.43157,0.88589,0.94565,0.94896,2.2238,0.51958
0.40977,0.88913,0.94544,0.94858,2.1904,0.49453
0.37334,0.89224,0.94446,0.94697,2.1059,0.51006
0.32255,0.89366,0.94362,0.94466,2.034,0.5143
0.26231,0.89295,0.94325,0.94223,1.956,0.46189
0.20375,0.89001,0.94352,0.94031,1.8622,0.52836
0.16079,0.88637,0.94427,0.93911,1.7534,0.52937
0.14238,0.88372,0.94521,0.93839,1.6885,0.50622
0.15437,0.88345,0.94602,0.93801,1.5954,0.4943
0.18856,0.88509,0.94719,0.93764,1.5243,0.50799
0.23516,0.88783,0.94869,0.93718,1.4494,0.54098
0.28401,0.89,0.94841,0.9368,1.3499,0.58106
0.32799,0.89149,0.94804,0.93667,1.2866,0.58985
0.36512,0.89392,0.94778,0.93732,1.1993,0.57856
0.39502,0.8998,0.94752,0.9384,1.114,0.5572
0.41926,0.90915,0.94831,0.93946,1.0111,0.5329
0.43838,0.92029,0.94834,0.94008,0.94988,0.53046
0.45194,0.9291,0.94807,0.93999,0.88762,0.56268
0.46092,0.93249,0.94844,0.93885,0.83388,0.59341
0.46632,0.93006,0.94867,0.93679,0.78002,0.62843
0.46938,0.92146,0.94899,0.93435,0.69492,0.68156
0.47164,0.91147,0.94922,0.93221,0.6493,0.70618
0.47359,0.90305,0.94936,0.92916,0.57211,0.74309
0.47559,0.89868,0.94949,0.91747,0.50333,0.80031
0.47748,0.89711,0.94967,0.88267,0.47947,0.86456
0.47927,0.89819,0.94975,0.80982,0.50217,0.93004
0.48082,0.90205,0.9491,0.68378,0.53151,1.0008
0.48214,0.90865,0.94714,0.5178,0.55054,1.1014
0.48331,0.9178,0.94383,0.34004,0.55,1.192
0.48421,0.92829,0.93955,0.19638,0.5346,1.2511
0.48432,0.93738,0.93462,0.12312,0.50681,1.3884
0.48371,0.94272,0.92931,0.13228,0.50299,1.4665
0.48282,0.94231,0.92463,0.21841,0.51205,1.5533
0.48218,0.93705,0.92125,0.34109,0.52949,1.6214
0.48193,0.92875,0.91928,0.46781,0.56078,1.7086
0.4823,0.91974,0.9183,0.57344,0.57867,1.7551
0.48329,0.91208,0.91771,0.654,0.55533,1.7966
0.48463,0.90663,0.91779,0.71559,0.50406,1.8535
0.48595,0.90381,0.91812,0.76592,0.46844,1.9179
0.48697,0.90312,0.91767,0.81125,0.45579,1.9629
0.48743,0.90419,0.91512,0.85171,0.47253,2.024
0.48735,0.90678,0.90765,0.88433,0.5088,2.0802
0.48681,0.91025,0.89279,0.90792,0.54654,2.1365
0.48591,0.91395,0.86859,0.92277,0.57716,2.1785
0.4857,0.91699,0.83204,0.92985,0.63178,2.253
0.48601,0.91869,0.78188,0.93234,0.69674,2.328
0.48684,0.91894,0.71514,0.93241,0.76527,2.3857
0.48757,0.91781,0.62478,0.9321,0.81874,2.4101
0.48767,0.91595,0.50963,0.93232,0.89409,2.3978
0.48702,0.91541,0.37453,0.93323,0.99064,2.3715
0.48575,0.91613,0.23533,0.93517,1.0763,2.3589
0.48432,0.9177,0.12078,0.93809,1.1753,2.3519
0.48366,0.91914,0.056371,0.94151,1.2227,2.3484
0.48326,0.91897,0.067769,0.94558,1.3433,2.365
0.48333,0.9164,0.14812,0.94906,1.4172,2.3836
0.48318,0.91183,0.27662,0.95172,1.4954,2.3962
0.48365,0.90661,0.42423,0.95319,1.5555,2.3837
0.48413,0.90276,0.56026,0.95334,1.6226,2.3523
0.48509,0.90156,0.67024,0.95252,1.703,2.3195
0.48593,0.9022,0.74768,0.95108,1.7655,2.3184
0.48696,0.90237,0.80111,0.94911,1.8419,2.3386
0.48776,0.89971,0.83882,0.94683,1.9123,2.369
0.48836,0.89208,0.8656,0.94452,2.0293,2.3928
0.48959,0.87858,0.88479,0.94244,2.0933,2.3734
0.48978,0.85733,0.89837,0.94051,2.129,2.3227
0.48938,0.82375,0.90678,0.93902,2.1556,2.2663
0.48872,0.77493,0.91245,0.93789,2.2026,2.1923
0.48865,0.70905,0.91662,0.93739,2.234,2.1388
0.48819,0.62695,0.92012,0.93792,2.2898,2.0598
0.48791,0.53812,0.92308,0.93935,2.3205,1.9894
0.48743,0.45328,0.92519,0.94143,2.3582,1.8804
0.48818,0.38642,0.92616,0.94392,2.3554,1.8156
0.48882,0.34669,0.92643,0.94633,2.3352,1.7451
0.48873,0.33876,0.92674,0.9478,2.2989,1.6519
0.48936,0.36725,0.92811,0.94831,2.2794,1.556
0.48931,0.42557,0.93091,0.94832,2.2756,1.4771
0.48871,0.50576,0.93479,0.94816,2.2954,1.3572
0.48703,0.59754,0.93944,0.94798,2.3159,1.2679
0.48459,0.68625,0.94355,0.94766,2.3383,1.1577
0.48169,0.76212,0.94634,0.94711,2.3523,1.0616
0.47858,0.81625,0.94721,0.9465,2.3313,1.0102
0.47565,0.84843,0.94624,0.94629,2.2885,0.92023
0.4732,0.86222,0.94419,0.94736,2.2555,0.81757
0.47127,0.86469,0.94177,0.95003,2.2456,0.76577
0.46932,0.864,0.93931,0.95344,2.2394,0.71011
0.46656,0.86269,0.93705,0.95625,2.2392,0.67674
0.46218,0.8627,0.93483,0.95704,2.2188,0.68839
0.45583,0.86563,0.93272,0.95524,2.1773,0.71602
0.44792,0.86994,0.9309,0.95135,2.1338,0.74061
0.43934,0.87379,0.92949,0.94666,2.0838,0.72098
0.43098,0.87717,0.92873,0.94285,2.0443,0.64001
0.42277,0.87977,0.92864,0.941,1.9701,0.61321
0.41349,0.88209,0.92916,0.94094,1.9074,0.62925
0.40208,0.88388,0.93003,0.94186,1.8436,0.66786
0.38894,0.88561,0.93099,0.94303,1.7798,0.71619
0.37517,0.88797,0.93166,0.94393,1.7454,0.72014
0.36417,0.89157,0.93198,0.94447,1.688,0.6936
0.3576,0.89713,0.93216,0.94477,1.6334,0.66644
0.35635,0.90377,0.93257,0.94488,1.5719,0.66372
0.35821,0.91297,0.93343,0.94471,1.5134,0.67799
0.3611,0.92193,0.93472,0.94415,1.4746,0.69648
0.36401,0.92835,0.93601,0.94316,1.4184,0.72014
0.36797,0.93128,0.93685,0.94205,1.3709,0.72148
0.37485,0.9316,0.93718,0.94122,1.3101,0.70036
0.38657,0.93006,0.93727,0.94113,1.253,0.66766
0.4022,0.92885,0.9376,0.94199,1.2152,0.65594
0.41943,0.92964,0.9385,0.94367,1.1546,0.66753
0.43506,0.9336,0.9394,0.94571,1.0715,0.7133
0.44696,0.93948,0.93991,0.94733,1.0067,0.73953
0.45488,0.9451,0.93905,0.94787,0.95624,0.7188
0.45953,0.94761,0.93688,0.94676,0.91644,0.68443
0.46277,0.94505,0.93407,0.94427,0.85733,0.64583
0.46569,0.93793,0.93128,0.9409,0.806,0.6457
0.46875,0.92834,0.92921,0.93738,0.75757,0.68259
0.47199,0.91909,0.92807,0.93422,0.70259,0.71934
0.47496,0.91181,0.92771,0.93209,0.65493,0.74323
0.47734,0.90733,0.92772,0.93073,0.5808,0.75813
0.479,0.90516,0.92758,0.92997,0.53052,0.77511
0.48028,0.90398,0.92696,0.92975,0.51027,0.81074
0.48112,0.90309,0.92572,0.93003,0.53814,0.85595
0.48167,0.90298,0.92413,0.93056,0.58211,0.86842
0.48185,0.90434,0.92254,0.9311,0.65302,0.86762
0.48139,0.90674,0.92133,0.93149,0.70827,0.86555
0.48011,0.91097,0.92073,0.9317,0.75367,0.8851
0.47788,0.9166,0.92076,0.93189,0.79071,0.91865
0.47468,0.92356,0.92137,0.93243,0.84473,0.94361
0.4707,0.92824,0.92227,0.93339,0.92961,0.93626
0.46607,0.93077,0.92321,0.93455,1.015,0.89695
0.46084,0.93207,0.924,0.93549,1.0971,0.85346
0.455,0.93278,0.92467,0.93596,1.1885,0.85147
0.44864,0.93281,0.9254,0.93595,1.2898,0.87583
0.44226,0.93255,0.92636,0.93575,1.3542,0.89303
0.43695,0.93066,0.9275,0.93581,1.4388,0.90269
0.43382,0.9257,0.92853,0.93632,1.5166,0.88144
0.43412,0.91674,0.92893,0.93744,1.6208,0.83733
0.43763,0.90556,0.92848,0.93905,1.7017,0.822
0.44342,0.89554,0.9274,0.94102,1.8159,0.83603
0.45015,0.89084,0.92627,0.94312,1.9031,0.86014
0.45638,0.89363,0.92579,0.94479,2.0072,0.86308
0.46154,0.9027,0.9263,0.9454,2.0984,0.83524
0.46552,0.91095,0.92784,0.94422,2.1564,0.80289
0.46876,0.90588,0.9299,0.94129,2.2248,0.77565
0.47152,0.87682,0.93203,0.93724,2.2248,0.79263
0.48061,0.72766,0.92698,0.9449,2.1823,1.1828
0.48119,0.79336,0.92696,0.94636,2.1399,1.1459
0.48059,0.84342,0.92736,0.94704,2.0895,1.0941
0.47864,0.87506,0.92765,0.94722,2.0186,1.1109
0.47565,0.89232,0.92747,0.94633,1.9054,1.1687
0.47233,0.8984,0.92682,0.94429,1.8209,1.1953
0.46967,0.9013,0.9259,0.94164,1.7079,1.2095
0.46833,0.90395,0.9244,0.93921,1.6269,1.2103
0.46849,0.90777,0.9231,0.9364,1.5145,1.1572
0.46949,0.91325,0.92225,0.93462,1.4442,1.1471
0.47095,0.9196,0.92198,0.934,1.3614,1.164
0.47208,0.92545,0.92231,0.93408,1.2905,1.1875
0.47293,0.92907,0.9229,0.93386,1.2154,1.2037
0.47376,0.92962,0.9236,0.93262,1.1276,1.1942
0.47501,0.92697,0.9244,0.92985,1.033,1.1584
0.47659,0.92279,0.92553,0.92543,0.94677,1.1231
0.47841,0.91889,0.92674,0.91941,0.90338,1.1156
0.48021,0.91702,0.9283,0.91085,0.84877,1.1329
0.48142,0.91724,0.93018,0.89772,0.80894,1.1598
0.48201,0.91759,0.93249,0.87685,0.75803,1.1923
0.4818,0.91805,0.93462,0.84335,0.70922,1.2025
0.48102,0.91894,0.93622,0.79623,0.66007,1.1973
0.4801,0.91932,0.93697,0.7375,0.58828,1.1864
0.47925,0.91898,0.93653,0.67309,0.54803,1.1865
0.4785,0.91981,0.93512,0.61482,0.52365,1.2165
0.47794,0.92133,0.9331,0.57271,0.52641,1.2782
0.47776,0.92309,0.9315,0.55743,0.56253,1.3258
0.47806,0.92486,0.93076,0.57013,0.58219,1.3503
0.4791,0.92715,0.93072,0.60696,0.60306,1.3969
0.48068,0.92949,0.93122,0.66149,0.61043,1.4383
0.48249,0.93199,0.93134,0.72179,0.61486,1.4753
0.48414,0.93215,0.93089,0.77936,0.63443,1.4768
0.4851,0.93107,0.93001,0.82727,0.66326,1.4515
0.48506,0.92747,0.92902,0.86401,0.71107,1.4079
0.48426,0.92389,0.92829,0.89091,0.78947,1.3591
0.48282,0.92301,0.92772,0.9098,0.8726,1.3503
0.48099,0.92575,0.92762,0.92354,0.95142,1.3727
0.479,0.93113,0.92776,0.93326,1.0204,1.3891
0.47714,0.93486,0.92708,0.93881,1.1133,1.401
0.47576,0.93562,0.92673,0.94101,1.1851,1.3857
0.47521,0.93322,0.92606,0.94052,1.2684,1.345
0.4757,0.93036,0.92515,0.93893,1.3472,1.318
0.47691,0.92565,0.92467,0.93794,1.3937,1.3177
0.47847,0.92136,0.92436,0.93806,1.4083,1.3554
0.47977,0.91775,0.92481,0.93912,1.4377,1.383
0.48007,0.91452,0.92578,0.94056,1.5189,1.3798
0.47928,0.91248,0.92628,0.94183,1.6852,1.3524
0.47792,0.90718,0.92581,0.94289,1.748,1.3181
0.47676,0.89666,0.9248,0.94403,1.8017,1.2915
0.4762,0.8741,0.9241,0.94478,1.8532,1.286
0.47657,0.82718,0.92422,0.94479,1.9224,1.3024
0.47759,0.75034,0.9251,0.94426,1.9724,1.3374
0.47872,0.64915,0.92663,0.9433,2.0495,1.3737
0.47969,0.5404,0.92826,0.94263,2.1243,1.3822
0.48457,0.56129,0.92613,0.94641,2.2503,1.5178
0.48465,0.64882,0.92629,0.94668,2.2107,1.546
0.4843,0.72051,0.92727,0.94738,2.1798,1.5841
0.48354,0.77186,0.92793,0.94804,2.1413,1.6548
0.48267,0.80469,0.92833,0.94895,2.1123,1.6963
0.48198,0.828,0.92703,0.95039,2.066,1.701
0.48159,0.84758,0.92438,0.95169,2.0069,1.6893
0.48137,0.86567,0.9201,0.95268,1.9212,1.6476
0.48121,0.88159,0.91461,0.95388,1.8614,1.6103
0.48116,0.89403,0.90861,0.95501,1.7982,1.6141
0.48106,0.90179,0.90337,0.9559,1.7348,1.638
0.48068,0.90538,0.90005,0.95624,1.5981,1.6505
0.47991,0.90733,0.89949,0.95546,1.4161,1.6151
0.47874,0.90954,0.90211,0.95306,1.365,1.6183
0.47759,0.91329,0.90689,0.94953,1.3558,1.6013
0.47673,0.91861,0.91182,0.94594,1.2896,1.5594
0.47643,0.92448,0.91467,0.94286,1.2311,1.5422
0.47675,0.92915,0.91439,0.94042,1.1859,1.5538
0.47762,0.93132,0.91141,0.93804,1.0993,1.5898
0.47898,0.93087,0.9073,0.93431,1.0331,1.6143
0.48052,0.92912,0.90503,0.92473,0.98313,1.6174
0.48178,0.92711,0.9055,0.90597,0.90517,1.5929
0.48262,0.92634,0.90895,0.87307,0.85796,1.5662
0.48293,0.92651,0.91451,0.82471,0.78239,1.5378
0.48274,0.92607,0.9205,0.76248,0.7307,1.5363
0.48225,0.92282,0.92435,0.69287,0.68755,1.5703
0.48171,0.91643,0.92664,0.62838,0.63732,1.6105
0.48122,0.90822,0.9285,0.58172,0.59672,1.6438
0.48091,0.89968,0.93071,0.566,0.55333,1.7036
0.48057,0.89593,0.93318,0.58244,0.53082,1.7661
0.48004,0.8967,0.93533,0.62554,0.5207,1.8158
0.4792,0.90226,0.93751,0.68663,0.53081,1.8538
0.4782,0.91135,0.93723,0.75194,0.57296,1.8438
0.47727,0.92131,0.9347,0.81178,0.61831,1.8186
0.47673,0.92626,0.9298,0.85916,0.68573,1.7746
0.47666,0.93031,0.92512,0.89344,0.75173,1.765
0.47705,0.93112,0.91768,0.91608,0.79777,1.7806
0.47772,0.93219,0.90979,0.92876,0.89253,1.8221
0.47841,0.93381,0.90399,0.93557,0.96651,1.8311
0.47896,0.93663,0.90039,0.93988,1.0858,1.8087
0.47902,0.94004,0.899,0.94378,1.2208,1.7718
0.47855,0.94157,0.8978,0.94865,1.3054,1.7522
0.47759,0.93752,0.89763,0.95418,1.4041,1.7404
0.47637,0.92814,0.89971,0.95922,1.4418,1.7314
0.47527,0.91535,0.90309,0.96257,1.5269,1.745
0.47453,0.90159,0.90832,0.96432,1.754,1.7644
0.47434,0.89035,0.91425,0.96503,1.7256,1.7869
0.47453,0.88255,0.92012,0.96534,1.7325,1.7651
0.47486,0.87516,0.92383,0.9663,1.7938,1.7481
0.47492,0.85941,0.92569,0.96821,1.8835,1.738
0.47468,0.82751,0.92638,0.96909,1.9488,1.7441
0.47418,0.77286,0.92629,0.96786,2.014,1.7634
0.47372,0.69402,0.92654,0.96341,2.1003,1.7929
0.47353,0.60981,0.92785,0.95634,2.1492,1.8094
0.47369,0.53996,0.93097,0.94856,2.2145,1.8261
0.47417,0.50849,0.9356,0.94227,2.2726,1.8284
0.47661,0.72375,0.94207,0.94556,2.1852,1.896
0.47664,0.78444,0.9351,0.94878,2.2009,1.8942
0.47635,0.82476,0.92572,0.94983,2.1434,1.8864
0.47602,0.84951,0.91651,0.94864,2.0822,1.8997
0.47591,0.86512,0.90909,0.94617,1.9974,1.9442
0.47642,0.87425,0.90399,0.94344,1.9114,1.9768
0.4776,0.8808,0.90031,0.94154,1.8358,1.9834
0.47913,0.88529,0.89663,0.94072,1.7426,1.9599
0.48048,0.88768,0.89179,0.9406,1.6822,1.9296
0.48114,0.88764,0.8866,0.94066,1.5916,1.8918
0.48097,0.88744,0.88211,0.94053,1.4969,1.8758
0.4801,0.88817,0.88066,0.94063,1.4501,1.8866
0.47899,0.89099,0.88341,0.94151,1.4487,1.9729
0.47808,0.89563,0.8899,0.94322,1.3851,2.02
0.47766,0.90156,0.8986,0.94534,1.2112,1.9118
0.47775,0.90723,0.90718,0.94537,1.1167,1.8595
0.47805,0.91178,0.91443,0.9389,1.0557,1.8388
0.4783,0.91454,0.92015,0.91906,0.96179,1.8184
0.47842,0.91503,0.9254,0.88105,0.89463,1.8261
0.4783,0.91548,0.93113,0.82425,0.81842,1.8636
0.47795,0.91531,0.93781,0.75168,0.7555,1.879
0.4775,0.91547,0.94464,0.67796,0.68441,1.8799
0.47706,0.91739,0.9505,0.61852,0.62733,1.8672
0.47672,0.91977,0.95438,0.59022,0.55783,1.8415
0.4767,0.92113,0.95522,0.59745,0.51523,1.8443
0.47701,0.92115,0.95364,0.63336,0.49331,1.8903
0.47766,0.91902,0.94991,0.6859,0.49929,1.9418
0.47856,0.91583,0.94481,0.73775,0.5056,1.9786
0.47954,0.91193,0.9399,0.77915,0.51509,1.9992
0.48038,0.91076,0.93632,0.80561,0.51034,2.037
0.48079,0.9105,0.93448,0.82153,0.48031,2.1051
0.48077,0.91176,0.93393,0.83284,0.46834,2.1323
0.48043,0.91344,0.93267,0.84474,0.48853,2.1247
0.48,0.91403,0.92965,0.85975,0.52371,2.1086
0.47967,0.91323,0.92281,0.87775,0.58722,2.0846
0.47932,0.91092,0.90938,0.89652,0.65028,2.0556
0.47905,0.90853,0.89318,0.91288,0.72653,2.053
0.47892,0.90673,0.87534,0.92499,0.79738,2.0556
0.47897,0.90572,0.85943,0.9328,0.90981,2.0725
0.47907,0.9056,0.84733,0.93694,1.0112,2.0884
0.47925,0.90539,0.83891,0.93958,1.0853,2.0781
0.47953,0.90495,0.83434,0.94192,1.1849,2.0466
0.47992,0.90389,0.83286,0.94418,1.2672,2.0242
0.48028,0.90121,0.83459,0.94577,1.3911,2.0328
0.48045,0.89643,0.84081,0.94607,1.4929,2.1145
0.48052,0.89035,0.85206,0.94491,1.6013,2.1403
0.48045,0.88382,0.86785,0.94294,1.6886,2.0878
0.48014,0.87625,0.88661,0.94146,1.7861,2.072
0.47965,0.86972,0.90511,0.94163,1.8726,2.0585
0.47906,0.86429,0.92077,0.94335,1.9429,2.0312
0.47855,0.85674,0.93175,0.94669,1.997,2.0006
0.47833,0.8473,0.93796,0.95002,2.0536,1.9804
0.47845,0.83393,0.94078,0.95216,2.0864,1.9832
0.47892,0.81695,0.9418,0.95304,2.1239,1.9985
0.47959,0.79851,0.94258,0.95305,2.1914,2.0321
0.48026,0.78281,0.94474,0.95309,2.272,2.0726
0.4807,0.77417,0.9461,0.95404,2.3279,2.0834
0.48071,0.77456,0.94704,0.95597,2.4152,2.0659
0.48018,0.78331,0.94696,0.95822,2.0231,2.0636
0.47748,0.81884,0.94146,0.95982,1.9741,2.1004
0.4758,0.83617,0.93531,0.95759,2.4054,2.1229
0.47431,0.85039,0.92717,0.9541,2.3281,2.1471
0.47327,0.86307,0.91575,0.95081,2.2663,2.171
0.47262,0.87177,0.9026,0.94874,2.2257,2.219
0.47247,0.87666,0.88894,0.94858,2.2038,2.2643
0.47272,0.88079,0.87261,0.94995,2.0565,2.2843
0.47334,0.88618,0.85242,0.95171,1.9787,2.2775
0.47436,0.89245,0.82632,0.95294,1.8917,2.2415
0.47567,0.89903,0.79633,0.95313,1.7933,2.1968
0.47703,0.90538,0.7635,0.95217,1.7149,2.167
0.47797,0.91118,0.73518,0.94984,1.6327,2.1734
0.47811,0.91555,0.71906,0.94652,1.5568,2.1938
0.47738,0.91839,0.71925,0.94285,1.4364,2.2277
0.47614,0.91967,0.73671,0.94026,1.3636,2.2342
0.47489,0.91994,0.76521,0.93847,1.2968,2.1986
0.47392,0.91979,0.79813,0.9384,1.2413,2.1696
0.47339,0.91966,0.82968,0.9399,1.1707,2.1555
0.47323,0.92013,0.85673,0.94081,1.1056,2.1556
0.4734,0.92104,0.87846,0.93896,1.0334,2.1619
0.47366,0.92185,0.89452,0.93111,0.95014,2.1815
0.47386,0.92233,0.90774,0.91665,0.84638,2.211
0.47439,0.92241,0.92162,0.89732,0.78623,2.226
0.47524,0.92212,0.93085,0.87635,0.71816,2.22
0.47608,0.92114,0.93707,0.85921,0.65462,2.1837
0.47669,0.91973,0.94264,0.84896,0.56514,2.1212
0.47688,0.9186,0.94717,0.84691,0.49953,2.1038
0.47649,0.91762,0.95188,0.85197,0.46632,2.1338
0.47614,0.91698,0.9576,0.86171,0.43643,2.1917
0.47591,0.91693,0.96551,0.87388,0.4223,2.2357
0.4759,0.91696,0.97373,0.8865,0.39974,2.2922
0.47605,0.91653,0.98034,0.89879,0.37996,2.3373
0.47619,0.91617,0.98367,0.90991,0.36296,2.3798
0.47611,0.91457,0.98066,0.91925,0.362,2.4002
0.47572,0.91373,0.96901,0.92618,0.39111,2.3933
0.47495,0.91309,0.94752,0.93051,0.47045,2.3666
0.47408,0.91344,0.9189,0.93277,0.53778,2.3549
0.47339,0.91404,0.87662,0.93377,0.62453,2.3576
0.47319,0.91388,0.81284,0.93454,0.70574,2.3822
0.47359,0.91251,0.72344,0.93621,0.78441,2.3994
0.47432,0.91053,0.6061,0.93825,0.89719,2.4003
0.47495,0.90887,0.46631,0.94067,0.97072,2.386
0.47516,0.90927,0.32962,0.9425,1.0762,2.3651
0.47483,0.91124,0.2261,0.94368,1.1997,2.3674
0.47414,0.91418,0.19063,0.94423,1.2839,2.3806
0.47358,0.91589,0.23274,0.94454,1.4127,2.395
0.47354,0.91613,0.33835,0.94491,1.5033,2.4069
0.47424,0.91452,0.48075,0.94555,1.6075,2.3923
0.47549,0.91257,0.62079,0.94677,1.7142,2.361
0.47698,0.91129,0.73604,0.948,1.8069,2.353
0.47813,0.91132,0.8156,0.94995,1.8841,2.3577
0.47867,0.91096,0.86645,0.95192,1.9605,2.387
0.47851,0.90851,0.8959,0.95361,2.0459,2.4354
0.47778,0.90323,0.92085,0.95479,2.1152,2.4505
0.47692,0.89682,0.94217,0.95525,2.1812,2.4428
0.47626,0.89022,0.95896,0.95484,2.2467,2.4103
0.47599,0.8849,0.97003,0.95373,2.3244,2.3699
0.47588,0.88144,0.97549,0.95176,2.3739,2.3561
0.47567,0.8797,0.97688,0.94888,2.4487,2.3543
0.46967,0.85938,0.9441,0.93984,2.3626,2.3249
0.46594,0.85862,0.93763,0.94009,2.4126,2.34
0.46016,0.86107,0.92976,0.94054,2.3311,2.3455
0.45541,0.86536,0.91859,0.94071,2.2502,2.3121
0.4578,0.86965,0.90318,0.94076,2.2149,2.2731
0.47814,0.8744,0.88347,0.94018,2.1319,2.222
0.52378,0.87856,0.86151,0.93896,2.0476,2.2189
0.55781,0.88339,0.83906,0.93722,1.979,2.2381
0.41216,0.88857,0.81661,0.93535,1.894,2.2572
0.38394,0.89339,0.79285,0.93374,1.7967,2.2468
0.45845,0.89738,0.76639,0.93253,1.7273,2.2242
0.50332,0.90083,0.73743,0.93197,1.6443,2.1861
0.52021,0.90297,0.71041,0.93189,1.5564,2.1763
0.51628,0.9039,0.69133,0.93191,1.4764,2.1834
0.50395,0.9036,0.6871,0.93238,1.3723,2.2265
0.49204,0.90291,0.6991,0.93337,1.2677,2.3217
0.48371,0.9019,0.72625,0.93608,1.2017,2.3329
0.4806,0.90023,0.76301,0.94013,1.1156,2.2698
0.48029,0.89827,0.80088,0.94527,1.0592,2.2358
0.48039,0.89613,0.83444,0.94942,0.97925,2.2162
0.48047,0.89484,0.86164,0.94989,0.90463,2.2154
0.47939,0.89453,0.8834,0.94497,0.84016,2.2409
0.47785,0.89475,0.90035,0.93439,0.76253,2.277
0.47595,0.8953,0.91438,0.91936,0.72226,2.2891
0.4728,0.89612,0.92577,0.90202,0.67814,2.2764
0.46972,0.89722,0.93459,0.88431,0.62863,2.2308
0.46893,0.8987,0.94102,0.86765,0.59083,2.1688
0.46317,0.90045,0.94461,0.85317,0.56171,2.1387
0.45653,0.9022,0.94537,0.84249,0.50953,2.1205
0.4559,0.90351,0.94221,0.83767,0.46627,2.1014
0.45809,0.9041,0.9369,0.83941,0.4598,2.0865
0.46217,0.90396,0.93171,0.84723,0.48447,2.0759
0.46816,0.90332,0.92674,0.86025,0.53185,2.0762
0.47442,0.90219,0.92161,0.87623,0.59347,2.0821
0.47953,0.90185,0.91501,0.89328,0.65517,2.0893
0.48294,0.90246,0.90555,0.90991,0.71679,2.0643
0.48417,0.90439,0.89182,0.92479,0.7763,2.0293
0.48354,0.9068,0.87496,0.93696,0.82581,2.0047
0.48219,0.90705,0.85779,0.94549,0.89384,1.995
0.47984,0.90407,0.84404,0.95039,0.9855,2.0247
0.47685,0.89811,0.83574,0.95224,1.0883,2.058
0.47541,0.8913,0.83354,0.95169,1.1465,2.064
0.47503,0.88492,0.83512,0.94991,1.2459,2.051
0.47652,0.88153,0.83807,0.94777,1.3267,2.0212
0.47943,0.88095,0.84098,0.94613,1.4274,1.9898
0.4806,0.88277,0.84419,0.94562,1.4879,1.9814
0.48356,0.8842,0.84917,0.94647,1.5586,1.9969
0.48661,0.88301,0.85737,0.94893,1.644,2.035
0.48831,0.87789,0.86892,0.95213,1.7484,2.0532
0.48871,0.8694,0.88315,0.95511,1.8119,2.0517
0.48835,0.85897,0.89783,0.95682,1.8988,2.0371
0.48862,0.84632,0.91118,0.95686,1.9935,2.0184
0.48901,0.83325,0.92281,0.95547,2.0673,2.0033
0.48965,0.81915,0.93187,0.95345,2.1149,1.9978
0.49044,0.80153,0.93853,0.95176,2.2049,2.0169
0.49122,0.77663,0.94319,0.95086,2.3198,2.0494
0.49177,0.74018,0.94593,0.95089,2.4056,2.053
0.49196,0.69204,0.94681,0.95139,2.4412,2.0311
0.49181,0.63559,0.94636,0.9518,2.4478,2.0049
0.49109,0.57864,0.9451,0.95157,2.4198,1.9528
0.49053,0.53321,0.94378,0.95044,2.3794,1.8902
0.49008,0.50797,0.94314,0.94847,2.343,1.8443
0.48944,0.51105,0.94348,0.94587,2.3178,1.8112
0.48867,0.54135,0.9454,0.94316,2.2946,1.7573
0.48767,0.59298,0.94827,0.94078,2.2673,1.6959
0.4869,0.65743,0.95143,0.93911,2.2445,1.6467
0.4864,0.72172,0.95394,0.93823,2.2084,1.6355
0.48633,0.77553,0.95439,0.93791,2.1708,1.679
0.48674,0.81374,0.95183,0.938,2.1104,1.7267
0.4874,0.83764,0.94665,0.93821,2.0507,1.7527
0.48802,0.85314,0.93991,0.93837,1.9747,1.743
0.48824,0.86268,0.93286,0.9384,1.8904,1.6935
0.48816,0.86943,0.92661,0.93851,1.8216,1.6517
0.48792,0.87502,0.92167,0.93883,1.7677,1.643
0.48781,0.87975,0.91837,0.93965,1.6926,1.6602
0.48789,0.88533,0.91647,0.94087,1.635,1.683
0.48862,0.89204,0.91542,0.94203,1.5322,1.718
0.48978,0.89996,0.91382,0.94208,1.4421,1.7311
0.49078,0.90801,0.91382,0.93987,1.3694,1.7165
0.49107,0.91561,0.91387,0.93496,1.2767,1.694
0.49101,0.92149,0.91328,0.92752,1.2122,1.6914
0.49036,0.92504,0.91322,0.9191,1.1302,1.7
0.48939,0.92586,0.91514,0.91047,1.0322,1.7409
0.48837,0.92442,0.91951,0.8994,0.94066,1.7952
0.48766,0.92155,0.92584,0.87813,0.89189,1.8062
0.4876,0.91791,0.93315,0.83725,0.84533,1.7855
0.48782,0.91382,0.93971,0.76579,0.78178,1.7362
0.48802,0.90984,0.94399,0.6658,0.71817,1.7062
0.488,0.90651,0.945,0.55226,0.6712,1.6899
0.48773,0.90485,0.9434,0.45191,0.58659,1.6754
0.4874,0.90504,0.94107,0.39489,0.57904,1.6675
0.48726,0.91178,0.93844,0.45837,0.66263,1.6266
0.48753,0.91691,0.93906,0.55926,0.57463,1.6175
0.48783,0.92155,0.9396,0.67072,0.64458,1.6146
0.48804,0.92415,0.93912,0.76764,0.68559,1.6123
0.48809,0.92648,0.93624,0.83731,0.73347,1.5853
0.48799,0.9288,0.93109,0.88129,0.7948,1.5234
0.48773,0.93095,0.92563,0.90538,0.84177,1.4942
0.48723,0.93387,0.92054,0.91944,0.89573,1.4945
0.48639,0.93761,0.91714,0.92881,0.96895,1.5388
0.48519,0.93942,0.91536,0.93515,1.0729,1.5912
0.48383,0.93851,0.9142,0.93876,1.1364,1.5974
0.48266,0.93222,0.91315,0.94015,1.2148,1.5712
0.48208,0.92136,0.91124,0.94002,1.2651,1.5486
0.48224,0.90889,0.90903,0.93949,1.3343,1.527
0.483,0.89722,0.90783,0.9392,1.385,1.5183
0.48402,0.88831,0.90807,0.9394,1.4585,1.5568
0.48475,0.88278,0.91021,0.9398,1.5174,1.6004
0.48488,0.87901,0.91318,0.9401,1.5841,1.6135
0.48429,0.87566,0.91526,0.94013,1.6579,1.5839
0.4833,0.87306,0.91544,0.94002,1.7163,1.5615
0.48234,0.86985,0.9146,0.93986,1.7747,1.5343
0.48183,0.8663,0.91314,0.93961,1.8237,1.545
0.48189,0.85893,0.91297,0.93937,1.8746,1.5727
0.48232,0.84281,0.9151,0.93922,1.9587,1.6105
0.48277,0.804,0.91968,0.9392,2.0353,1.6374
0.48285,0.72847,0.92529,0.9393,2.074,1.6337
0.48242,0.61296,0.93024,0.93948,2.1045,1.6073
0.4815,0.47142,0.93285,0.93966,2.149,1.5406
0.48039,0.34062,0.93263,0.93974,2.1819,1.5049
0.47934,0.256,0.93037,0.93967,2.2275,1.4801
0.47822,0.25012,0.92741,0.93947,2.2912,1.4578
0.4773,0.32113,0.92613,0.93926,2.3343,1.43
0.47677,0.44104,0.92652,0.93919,2.3523,1.3863
0.47611,0.57604,0.9292,0.93938,2.3073,1.3767
0.47547,0.69199,0.93303,0.93981,2.2511,1.3985
0.47473,0.77166,0.93588,0.94033,2.1736,1.4471
0.47382,0.81571,0.93696,0.94077,2.1152,1.4757
0.473,0.83714,0.93649,0.94089,2.0746,1.4642
0.47255,0.84718,0.93512,0.94067,2.0261,1.4257
0.47297,0.85734,0.93389,0.94016,1.9694,1.3828
0.47432,0.86937,0.93357,0.93954,1.8895,1.3467
0.47602,0.88384,0.93406,0.93901,1.8125,1.3613
0.47788,0.89763,0.93412,0.93867,1.7743,1.4247
0.47971,0.9071,0.93336,0.93856,1.7223,1.4397
0.481,0.91211,0.93146,0.93865,1.6712,1.4576
0.48181,0.91214,0.92845,0.93893,1.6149,1.4867
0.48222,0.909,0.92454,0.93944,1.6835,1.4842
0.48232,0.90533,0.92062,0.94037,1.6052,1.4654
0.48207,0.90514,0.91823,0.9416,1.4168,1.4193
0.48145,0.90786,0.91713,0.94237,1.3407,1.4093
0.48082,0.91161,0.91814,0.94154,1.2382,1.428
0.48041,0.9146,0.92106,0.93726,1.1394,1.4656
0.48028,0.91677,0.92522,0.92747,1.0782,1.4784
0.48037,0.91781,0.92956,0.91042,1.0094,1.4778
0.48154,0.91811,0.9332,0.88323,0.94496,1.4591
0.48232,0.9183,0.9357,0.84454,0.87734,1.4359
0.483,0.91864,0.93674,0.79533,0.78112,1.4058
0.48411,0.91859,0.93648,0.73869,0.73374,1.4116
0.4849,0.91814,0.93574,0.68325,0.67002,1.4471
0.48588,0.91698,0.9352,0.63832,0.61586,1.477
0.48659,0.91553,0.93518,0.61435,0.57668,1.4867
0.48695,0.91439,0.93551,0.61545,0.5626,1.4804
0.48723,0.91387,0.93587,0.63873,0.57035,1.4492
0.48735,0.91463,0.93595,0.67837,0.5906,1.3911
0.48771,0.91679,0.93571,0.7233,0.60147,1.3402
0.48789,0.91975,0.93521,0.76557,0.60327,1.2843
0.48769,0.92427,0.93443,0.80012,0.5916,1.2332
0.48678,0.92732,0.93318,0.82683,0.56603,1.1502
0.48559,0.92846,0.93136,0.84826,0.57084,1.0915
0.48443,0.92803,0.92891,0.86705,0.61535,1.0849
0.48383,0.92611,0.92576,0.88508,0.66101,1.1213
0.48226,0.92384,0.92235,0.90239,0.74482,1.1703
0.48021,0.92328,0.91965,0.91772,0.82396,1.1845
0.4783,0.92386,0.91873,0.92941,0.90767,1.1697
0.47693,0.9252,0.9196,0.93693,0.99198,1.1494
0.477,0.92675,0.92219,0.94027,1.1003,1.13
0.4773,0.92716,0.92672,0.94087,1.1964,1.1464
0.47754,0.92616,0.93147,0.94032,1.2716,1.1859
0.47791,0.92429,0.9357,0.93986,1.3828,1.2255
0.4782,0.92017,0.93804,0.94006,1.5217,1.2045
0.47827,0.91397,0.93788,0.94104,1.6056,1.1828
0.47851,0.90501,0.93511,0.94247,1.679,1.1784
0.47934,0.89183,0.93079,0.94374,1.7321,1.1935
0.48015,0.87087,0.92675,0.94449,1.8107,1.1978
0.48047,0.83735,0.9244,0.94435,1.9017,1.2342
0.48038,0.7887,0.92451,0.94346,1.9976,1.2779
0.4797,0.72671,0.92687,0.94206,2.0648,1.2871
0.47853,0.65661,0.93074,0.94057,2.1412,1.2607
0.47798,0.59222,0.93476,0.93936,2.1819,1.2287
0.47763,0.54565,0.93797,0.93864,2.1553,1.1834
0.47124,0.85069,0.92582,0.93955,2.0953,1.0362
0.46992,0.87,0.924,0.94306,2.0208,1.0022
0.46855,0.88342,0.92313,0.94792,1.9162,1.0286
0.46734,0.89234,0.92323,0.95297,1.8228,1.0834
0.4663,0.89872,0.92421,0.95655,1.719,1.1298
0.46576,0.9041,0.92608,0.95732,1.6389,1.1202
0.4657,0.90962,0.92851,0.95515,1.5405,1.0893
0.46673,0.91493,0.93148,0.95065,1.4479,1.063
0.46831,0.91892,0.93451,0.94552,1.3914,1.0686
0.47076,0.92088,0.9368,0.94129,1.3327,1.0944
0.47239,0.91987,0.93807,0.93908,1.265,1.1281
0.47368,0.91779,0.93822,0.93875,1.1863,1.1546
0.47471,0.91561,0.93763,0.93948,1.1357,1.1527
0.47572,0.91378,0.93656,0.93949,1.0506,1.1117
0.4772,0.91244,0.93506,0.93679,0.95986,1.0679
0.47912,0.91113,0.93359,0.93033,0.89899,1.0524
0.48123,0.90892,0.93208,0.91978,0.84568,1.0777
0.48266,0.90596,0.93006,0.90669,0.79876,1.1126
0.48397,0.90296,0.92789,0.89294,0.73503,1.1463
0.48481,0.90052,0.92602,0.88013,0.69727,1.1495
0.48478,0.89937,0.92489,0.86835,0.67101,1.1206
0.48531,0.8996,0.92463,0.85665,0.62692,1.0769
0.48667,0.90104,0.92457,0.84431,0.5983,1.0537
0.4882,0.90294,0.92497,0.8319,0.55978,1.0214
0.49007,0.90453,0.92566,0.82173,0.51404,0.98334
0.49174,0.905,0.92704,0.81701,0.4491,0.94853
0.49291,0.90448,0.92957,0.82038,0.3887,0.90722
0.49376,0.90341,0.93291,0.83253,0.3843,0.89137
0.49399,0.90194,0.93643,0.85172,0.43608,0.91328
0.4941,0.90059,0.9392,0.87442,0.50163,0.95275
0.49381,0.89965,0.94066,0.89664,0.55248,0.97342
0.49304,0.89915,0.93919,0.91497,0.61695,0.96548
0.49178,0.89901,0.93601,0.92732,0.66998,0.93784
0.49007,0.89858,0.93211,0.93417,0.74883,0.9016
0.48764,0.89937,0.92883,0.9351,0.82768,0.9021
0.48434,0.90239,0.92665,0.93424,0.90532,0.93245
0.48049,0.90626,0.92548,0.93319,0.9887,0.97294
0.47657,0.90992,0.92522,0.93252,1.0684,0.99635
0.47301,0.91106,0.92494,0.93241,1.0065,0.9803
0.46905,0.90097,0.92339,0.93323,1.0013,0.95102
0.46916,0.89131,0.9222,0.93295,1.4411,0.94595
0.47004,0.88261,0.92103,0.93284,1.5191,0.99392
0.47184,0.87697,0.92028,0.93332,1.5788,1.0245
0.47407,0.87226,0.92064,0.93462,1.665,1.0371
0.47635,0.86466,0.92125,0.93656,1.7578,1.0108
0.47829,0.84884,0.922,0.93901,1.8512,0.97716
0.47951,0.82267,0.92271,0.94072,1.961,0.96759
0.48016,0.78846,0.92308,0.94142,2.0845,0.99872
0.48033,0.74989,0.92311,0.94071,2.1424,1.0294
0.48028,0.71556,0.92306,0.93854,2.2185,1.0522
0.48046,0.6909,0.92315,0.93714,2.2826,1.0363
0.48078,0.67889,0.92378,0.93623,2.3579,0.98102
0.47585,0.82869,0.93138,0.94078,2.326,0.85666
0.46981,0.85055,0.93048,0.94316,2.2669,0.80849
0.46145,0.86538,0.92955,0.94524,2.2092,0.73949
0.45051,0.8734,0.92897,0.94631,2.1591,0.71109
0.43705,0.87673,0.92819,0.94606,2.0462,0.7334
0.42289,0.87835,0.92773,0.94521,1.9462,0.77296
0.4093,0.88122,0.92748,0.94471,1.8573,0.77889
0.4,0.88734,0.92724,0.94521,1.7371,0.7528
0.39695,0.89612,0.92706,0.94643,1.6716,0.72588
0.39949,0.90629,0.92688,0.94759,1.5937,0.7075
0.4068,0.91742,0.92658,0.94831,1.5196,0.72789
0.41574,0.92591,0.92626,0.94892,1.4621,0.75632
0.42352,0.93001,0.92618,0.94891,1.4069,0.77517
0.43034,0.92909,0.92626,0.94873,1.3512,0.782
0.43658,0.92464,0.92701,0.9488,1.2697,0.7584
0.4435,0.91925,0.92752,0.94929,1.1979,0.71408
0.45182,0.91453,0.92753,0.95009,1.1351,0.7097
0.46068,0.91247,0.92719,0.95064,1.0532,0.74051
0.46907,0.91165,0.92655,0.95048,1.003,0.78011
0.4768,0.91137,0.92584,0.94948,0.94632,0.81407
0.48244,0.90908,0.92598,0.94797,0.89056,0.82603
0.48615,0.90587,0.92621,0.94649,0.8422,0.81992
0.48952,0.90292,0.92612,0.94538,0.77919,0.8021
0.49252,0.89895,0.9259,0.9447,0.68953,0.76771
0.49478,0.89509,0.92557,0.94389,0.63369,0.74425
0.49657,0.89148,0.92477,0.94291,0.5571,0.74639
0.49806,0.88854,0.92449,0.94154,0.48484,0.76431
0.49883,0.88614,0.9242,0.94,0.41811,0.76483
0.49949,0.88632,0.92473,0.93908,0.41506,0.74661
0.49987,0.88907,0.92562,0.93906,0.46626,0.7227
0.49948,0.89555,0.92654,0.93994,0.53005,0.70535
0.50001,0.90554,0.9277,0.94108,0.56838,0.69843
0.50011,0.91717,0.9281,0.94187,0.5909,0.66323
0.49854,0.92814,0.92771,0.942,0.61678,0.59725
0.49532,0.9362,0.92662,0.94124,0.66266,0.52417
0.48825,0.93974,0.92495,0.93961,0.7095,0.50881
0.47604,0.93813,0.9233,0.93738,0.78642,0.53387
0.45712,0.93179,0.92222,0.93506,0.86523,0.56872
0.43244,0.92487,0.92203,0.93349,0.96627,0.60744
0.4051,0.91828,0.92266,0.93331,1.0683,0.6284
0.37983,0.91332,0.92389,0.93467,1.1429,0.61106
0.36162,0.91036,0.92521,0.93731,1.2335,0.58837
0.35274,0.90983,0.92619,0.94045,1.2959,0.58079
0.35347,0.91051,0.9263,0.94273,1.3712,0.59643
0.36058,0.90966,0.92534,0.94349,1.4348,0.62152
0.37065,0.90801,0.9235,0.94303,1.5269,0.65867
0.38152,0.90628,0.92111,0.94212,1.5945,0.67627
0.39444,0.90201,0.91905,0.94186,1.6745,0.65853
0.40941,0.89414,0.91773,0.94273,1.7721,0.61475
0.42736,0.88311,0.91753,0.94471,1.833,0.58627
0.44714,0.87041,0.91837,0.94702,1.9134,0.57783
0.46635,0.85923,0.92002,0.94885,1.9939,0.59828
0.48303,0.85321,0.92144,0.94966,2.1061,0.64231
0.49452,0.85446,0.92253,0.94953,2.1833,0.66749
0.50123,0.86158,0.92372,0.94896,2.2794,0.66924
0.50345,0.87202,0.92467,0.94839,2.3302,0.64695
0.50252,0.8811,0.92564,0.94798,2.3895,0.61742
0.50036,0.88703,0.92664,0.94754,2.4239,0.59667
0.49687,0.88716,0.92696,0.94681,2.4127,0.56037
0.49322,0.88254,0.92679,0.94578,2.3495,0.50816
0.49055,0.87659,0.92599,0.94472,2.2844,0.4655
0.48806,0.87153,0.9248,0.9441,2.2408,0.43399
0.48033,0.86773,0.92355,0.94423,2.2208,0.42618
0.46557,0.86647,0.92268,0.94507,2.1942,0.44218
0.44093,0.86806,0.92265,0.94643,2.1415,0.50713
0.40627,0.86954,0.92346,0.94799,2.0903,0.57133
0.36488,0.87058,0.92533,0.9495,1.9916,0.50138
0.32192,0.87318,0.92726,0.95073,1.9174,0.48678
0.28421,0.87568,0.92878,0.95155,1.8134,0.47981
0.25604,0.87857,0.92945,0.95192,1.7243,0.48266
0.24086,0.88284,0.92926,0.95191,1.6484,0.50254
0.23916,0.888,0.92853,0.95175,1.5536,0.53096
0.25006,0.89389,0.92768,0.95156,1.4891,0.54503
0.27393,0.90026,0.92727,0.95121,1.4058,0.55663
0.3091,0.90597,0.92754,0.95032,1.3348,0.55567
0.35211,0.90973,0.9279,0.94859,1.2368,0.53934
0.39832,0.91283,0.92784,0.94591,1.1554,0.51528
0.44098,0.91415,0.92692,0.94293,1.101,0.52153
0.47545,0.91318,0.9253,0.93992,1.0103,0.55772
0.4988,0.90967,0.92335,0.93756,0.93302,0.57626
0.51119,0.90401,0.92141,0.93626,0.84883,0.5912
0.51609,0.89817,0.92027,0.9361,0.72511,0.60014
0.51634,0.89446,0.91991,0.93743,0.61677,0.59781
0.51468,0.8948,0.92002,0.93907,0.59348,0.60614
0.51231,0.89906,0.92053,0.94059,0.60676,0.59939
0.50961,0.90873,0.92125,0.94131,0.6599,0.56125
0.50639,0.91876,0.92196,0.94074,0.70255,0.53145
0.50184,0.9259,0.92248,0.93879,0.74966,0.50754
0.49388,0.92767,0.92234,0.93535,0.78321,0.50299
0.47936,0.92404,0.92176,0.93134,0.84779,0.51509
0.45603,0.91691,0.92099,0.92758,0.93029,0.5509
0.42237,0.90842,0.92087,0.92496,0.98762,0.58854
0.38144,0.90138,0.9212,0.92403,1.0589,0.59709
0.3392,0.89358,0.92192,0.92466,1.1463,0.57571
0.30296,0.88759,0.92295,0.92639,1.2083,0.55375
0.27891,0.88227,0.92386,0.92885,1.3029,0.52878
0.26869,0.87816,0.92432,0.93165,1.3784,0.52431
0.27243,0.87465,0.92434,0.93485,1.4757,0.54051
0.28691,0.87223,0.9241,0.93849,1.5488,0.55761
0.30887,0.87062,0.92397,0.94194,1.6437,0.57087
0.33652,0.86927,0.92395,0.94489,1.7062,0.55463
0.36759,0.86761,0.92409,0.94696,1.7765,0.51681
0.39954,0.86556,0.92452,0.94792,1.8834,0.48424
0.42929,0.86364,0.92515,0.94764,1.9546,0.48295
0.45369,0.86297,0.92603,0.9464,2.0408,0.49363
0.47145,0.86475,0.92688,0.94461,2.1297,0.49902
0.48222,0.87046,0.92741,0.94277,2.2385,0.50565
0.4879,0.88067,0.92741,0.94082,2.2912,0.49941
0.49079,0.89446,0.92723,0.93854,2.3573,0.48211
0.49261,0.90997,0.92753,0.93653,2.4153,0.4687
0.49447,0.92368,0.92884,0.93507,2.4572,0.49146
0.49651,0.93263,0.93109,0.93463,2.4519,0.54507
0.49838,0.9344,0.93359,0.9357,2.4438,0.58005
0.49908,0.92897,0.93547,0.93796,2.4526,0.623
0.49864,0.91891,0.93623,0.94067,2.485,0.64763
0.49725,0.90709,0.93579,0.94285,2.5053,0.6736
0.49521,0.89687,0.9348,0.9439,2.4738,0.68477
0.49248,0.88961,0.93394,0.94368,2.432,0.67138
0.48913,0.88568,0.93352,0.94228,2.3953,0.66992
0.48448,0.886,0.93317,0.94042,2.3606,0.67783
0.47765,0.89031,0.9325,0.9383,2.2818,0.70207
0.46992,0.89791,0.93128,0.93623,2.1553,0.69469
0.46044,0.90687,0.92957,0.93442,2.0763,0.64063
0.44934,0.91642,0.92779,0.93272,2.0136,0.44904
0.43657,0.92453,0.92639,0.93157,1.9709,0.56384
0.4216,0.9319,0.92565,0.93134,1.8546,0.68781
0.40532,0.93695,0.92549,0.93145,1.7969,0.68777
0.38978,0.94269,0.9258,0.93249,1.7239,0.70416
0.37774,0.94792,0.92646,0.93425,1.6576,0.71509
0.37216,0.9516,0.92725,0.93626,1.5521,0.71107
0.37567,0.95473,0.92795,0.93758,1.456,0.68427
0.38773,0.9555,0.92839,0.9378,1.3613,0.65795
0.40527,0.95632,0.92825,0.9367,1.3227,0.65216
0.42469,0.95807,0.92759,0.93468,1.217,0.66911
0.44227,0.96056,0.92677,0.93219,1.1384,0.69806
0.45634,0.96443,0.92615,0.93015,1.0431,0.72035
0.46575,0.96737,0.92574,0.92922,0.98798,0.71268
0.4729,0.96707,0.9257,0.92923,0.92729,0.67128
0.47823,0.96142,0.92597,0.92951,0.87483,0.64502
0.4824,0.95,0.92642,0.92925,0.81706,0.63684
0.48571,0.93745,0.92683,0.92815,0.76834,0.66297
0.48805,0.92465,0.92708,0.92652,0.72741,0.69255
0.48922,0.9141,0.92703,0.92501,0.66046,0.72988
0.48964,0.9094,0.9267,0.92441,0.5805,0.74463
0.4903,0.91051,0.92626,0.92498,0.51487,0.74604
0.49035,0.91523,0.92587,0.92631,0.46537,0.76228
0.48995,0.92071,0.92569,0.92784,0.46166,0.78513
0.48968,0.92571,0.92572,0.92938,0.48545,0.79233
0.49,0.9299,0.92589,0.93062,0.55684,0.77534
0.48958,0.93366,0.92608,0.93204,0.61146,0.76899
0.48785,0.93735,0.92618,0.93408,0.66639,0.78657
0.48486,0.94094,0.92625,0.93718,0.73794,0.82701
0.4793,0.94393,0.92632,0.94,0.79137,0.85157
0.4722,0.94586,0.92629,0.94221,0.8657,0.85661
0.4636,0.94641,0.92601,0.94325,0.95112,0.82812
0.45382,0.94573,0.92536,0.94298,1.034,0.7923
0.44361,0.94414,0.92434,0.94179,1.1394,0.77203
0.43395,0.94168,0.92311,0.94007,1.2239,0.79718
0.42623,0.93802,0.92207,0.9386,1.3072,0.82031
0.42165,0.93259,0.92149,0.93772,1.4218,0.8249
0.42143,0.92449,0.92155,0.93761,1.5262,0.79851
0.42564,0.91346,0.92215,0.93839,1.6035,0.77445
0.43314,0.90137,0.92307,0.93999,1.711,0.74957
0.44248,0.88916,0.92423,0.94224,1.8027,0.75827
0.45171,0.87936,0.92565,0.94466,1.8831,0.78031
0.45984,0.87442,0.92728,0.94677,1.9531,0.79393
0.46624,0.87595,0.92879,0.94802,2.0521,0.78422
0.47129,0.88066,0.9294,0.94821,2.1413,0.76794
0.47535,0.88204,0.92843,0.94762,2.193,0.74799
0.47813,0.87177,0.92547,0.94629,2.2482,0.73336
0.47969,0.8443,0.92132,0.94483,2.2811,0.76227
0.48036,0.80217,0.91747,0.94334,2.2996,0.82557
0.48024,0.75366,0.91547,0.94248,2.3274,0.88462
0.48025,0.71314,0.91609,0.94218,2.366,0.91465
0.48069,0.6912,0.9187,0.94259,2.4129,0.9469
0.48175,0.69391,0.92212,0.94339,2.4283,0.96715
0.48352,0.71647,0.92484,0.9441,2.3886,0.97124
0.48451,0.7489,0.92629,0.94449,2.3225,0.96045
0.48483,0.78236,0.92652,0.94403,2.2774,0.94665
0.48375,0.8107,0.92624,0.943,2.2008,0.9536
0.48169,0.83319,0.92605,0.94121,2.1277,0.98259
0.47871,0.85087,0.9262,0.93926,2.032,1.0084
0.47511,0.86541,0.92654,0.93778,1.9407,0.98533
0.47228,0.87731,0.92675,0.93717,1.8713,0.95765
0.4704,0.88627,0.92672,0.93773,1.7872,0.92633
0.46907,0.8918,0.92649,0.9391,1.7385,0.92417
0.46769,0.89555,0.92629,0.94059,1.6913,0.94298
0.46595,0.89883,0.92626,0.94162,1.6248,0.97278
0.46411,0.90227,0.92644,0.94171,1.5779,0.98157
0.4627,0.90539,0.92659,0.94089,1.5078,0.96807
0.46255,0.90765,0.9262,0.93991,1.4257,0.93486
0.46396,0.90836,0.92467,0.93951,1.3675,0.92139
0.46648,0.9074,0.92184,0.93999,1.3058,0.92309
0.46963,0.90542,0.9179,0.94023,1.2536,0.93897
0.47289,0.90389,0.91387,0.94014,1.0593,0.97581
0.4757,0.90354,0.91091,0.93945,0.83004,0.99313
0.47808,0.90529,0.91009,0.93803,0.93556,0.97516
0.48005,0.90713,0.91168,0.93596,0.94232,0.9175
0.48161,0.90756,0.91497,0.93269,0.89459,0.88851
0.48272,0.90562,0.91897,0.92694,0.83472,0.89252
0.48362,0.90168,0.92244,0.91744,0.78505,0.91638
0.48474,0.8972,0.92481,0.90466,0.71019,0.94897
0.48613,0.89439,0.92599,0.89021,0.62776,0.96081
0.48763,0.89339,0.9264,0.87836,0.57667,0.96343
0.48908,0.89521,0.9264,0.87289,0.52679,0.98084
0.48994,0.8996,0.92613,0.87601,0.53531,1.0041
0.48991,0.90481,0.92527,0.8871,0.5864,1.0034
0.48974,0.91013,0.92378,0.90162,0.64069,0.99503
0.48925,0.91501,0.92181,0.91485,0.69503,0.99735
0.4889,0.91825,0.9198,0.92447,0.75581,1.0173
0.48896,0.92093,0.91856,0.93045,0.80352,1.0427
0.48867,0.92356,0.91884,0.93402,0.8629,1.0827
0.48794,0.92576,0.92075,0.9369,0.9446,1.0976
0.48663,0.92736,0.92363,0.94006,1.0075,1.082
0.48401,0.92807,0.92659,0.9429,1.1031,1.0464
0.48059,0.92751,0.92889,0.94424,1.1785,1.0138
0.47736,0.92481,0.93002,0.94366,1.1636,1.0453
0.47424,0.91969,0.92949,0.94109,1.166,1.0808
0.47189,0.91283,0.92764,0.93752,1.2406,1.0941
0.46993,0.90526,0.92522,0.93434,1.4234,1.1183
0.46809,0.89839,0.92237,0.93284,1.4842,1.1302
0.46629,0.89312,0.92046,0.93367,1.5532,1.119
0.46584,0.89,0.91995,0.93632,1.6394,1.0739
0.46721,0.88842,0.92137,0.93986,1.7304,1.047
0.46986,0.88509,0.92391,0.94313,1.7989,1.049
0.47322,0.87716,0.9268,0.94551,1.8205,1.0717
0.47662,0.86192,0.92939,0.9468,1.832,1.1089
0.47936,0.83992,0.93136,0.94768,1.9849,1.1256
0.48091,0.81435,0.93279,0.94827,2.1052,1.1155
0.48176,0.78935,0.93324,0.94872,2.1871,1.1029
0.4822,0.76912,0.93296,0.94941,2.2413,1.0979
0.48373,0.75628,0.92816,0.95267,2.2012,1.1748
0.48373,0.77031,0.92656,0.9536,2.164,1.1927
0.48333,0.7906,0.92573,0.95376,2.1155,1.2142
0.48256,0.81468,0.92667,0.953,2.0724,1.2537
0.48148,0.83925,0.92839,0.95246,2.0322,1.2853
0.48028,0.86041,0.93018,0.95122,1.9609,1.3059
0.47921,0.87618,0.93161,0.9504,1.8576,1.2858
0.47848,0.88618,0.93191,0.94978,1.7972,1.223
0.47819,0.89201,0.93135,0.94966,1.7092,1.193
0.47825,0.89577,0.93022,0.95016,1.6077,1.2243
0.47849,0.8989,0.92894,0.95032,1.5405,1.2456
0.47871,0.90206,0.92778,0.94919,1.4521,1.2537
0.47897,0.90435,0.92629,0.94745,1.3763,1.2519
0.47954,0.90475,0.92458,0.94573,1.2979,1.2132
0.48074,0.90267,0.923,0.94448,1.2289,1.1914
0.48264,0.89862,0.92178,0.94331,1.1334,1.177
0.48507,0.89354,0.92081,0.94173,1.0618,1.1755
0.48762,0.88885,0.92022,0.93911,0.96077,1.1978
0.48994,0.88499,0.91988,0.93539,0.86774,1.2183
0.49177,0.88286,0.91971,0.92958,0.81719,1.2182
0.49305,0.88271,0.91964,0.91764,0.77407,1.2008
0.49386,0.88428,0.92024,0.89214,0.72875,1.1656
0.49424,0.88776,0.92079,0.84167,0.65921,1.1285
0.49429,0.89304,0.92159,0.75966,0.61904,1.1468
0.49417,0.89945,0.92278,0.6535,0.59843,1.1791
0.49411,0.90656,0.92336,0.5421,0.57719,1.2253
0.49433,0.9127,0.92378,0.4578,0.55582,1.259
0.49485,0.9171,0.92417,0.42329,0.52436,1.3209
0.49559,0.91963,0.92448,0.4529,0.50367,1.374
0.49635,0.92063,0.92466,0.53482,0.49641,1.4349
0.49699,0.9208,0.92486,0.64114,0.51594,1.4571
0.49745,0.92058,0.92482,0.74449,0.56304,1.4124
0.49767,0.92094,0.92425,0.82389,0.64329,1.3466
0.49759,0.92118,0.92309,0.87625,0.70697,1.3194
0.49705,0.92101,0.92128,0.90547,0.79872,1.32
0.49594,0.91977,0.9191,0.92147,0.88667,1.339
0.49432,0.91689,0.91677,0.93139,1.0099,1.3657
0.49234,0.91249,0.9148,0.93765,1.092,1.368
0.49029,0.90754,0.91369,0.94085,1.1792,1.3367
0.4884,0.90335,0.91373,0.94159,1.2509,1.3092
0.48684,0.9014,0.91425,0.94156,1.3223,1.2958
0.48576,0.90207,0.91478,0.94232,1.4089,1.2927
0.48527,0.90433,0.91599,0.94435,1.6194,1.3201
0.48551,0.90657,0.91766,0.9474,1.5473,1.3411
0.48653,0.90548,0.91998,0.9503,1.4787,1.5079
0.48812,0.89824,0.92353,0.95199,1.7545,1.2204
0.49004,0.87908,0.92845,0.95191,1.8037,1.1835
0.49197,0.84043,0.93374,0.95031,1.8557,1.2075
0.49322,0.77697,0.93869,0.94814,1.94,1.2914
0.49398,0.68721,0.94208,0.94567,2.0243,1.3238
0.4948,0.58053,0.94314,0.94317,2.1204,1.3654
0.4965,0.85143,0.93467,0.93569,2.0139,1.4042
0.49558,0.8813,0.93471,0.93421,1.9087,1.4332
0.49427,0.89672,0.93404,0.9331,1.8004,1.4797
0.49322,0.90419,0.93256,0.93253,1.7197,1.4843
0.49428,0.90722,0.93078,0.93297,1.6588,1.4299
0.49941,0.9076,0.92864,0.93422,1.6297,1.3671
0.50844,0.90794,0.92657,0.93536,1.5606,1.3903
0.5166,0.90936,0.92487,0.93546,1.502,1.419
0.51396,0.9124,0.92401,0.93372,1.4073,1.4363
0.48862,0.91636,0.92348,0.93096,1.2362,1.462
0.43618,0.91997,0.92347,0.92947,1.1937,1.4195
0.43058,0.9221,0.92408,0.92932,1.0812,1.3893
0.60705,0.92129,0.92599,0.92294,1.0094,1.3777
0.57849,0.91878,0.92836,0.8921,0.93052,1.379
0.51117,0.91639,0.93081,0.81083,0.87017,1.405
0.47308,0.91413,0.93331,0.66205,0.81,1.4373
0.45786,0.91303,0.93513,0.46007,0.7344,1.4592
0.45884,0.91314,0.93576,0.24198,0.66707,1.466
0.46548,0.9132,0.93493,0.073745,0.56774,1.4795
0.47131,0.91321,0.93261,0.0013633,0.51071,1.4959
0.47434,0.91112,0.9295,0.049425,0.49298,1.5275
0.47527,0.9074,0.92678,0.19295,0.52091,1.5462
0.47539,0.90384,0.92525,0.37695,0.57215,1.5597
0.47515,0.89979,0.9248,0.55035,0.60421,1.5628
0.47483,0.89631,0.92536,0.67757,0.62463,1.5567
0.47501,0.89523,0.92621,0.7573,0.63703,1.5516
0.47583,0.89596,0.92646,0.80081,0.65408,1.5631
0.47696,0.89778,0.9263,0.82792,0.69102,1.6242
0.47789,0.89981,0.92571,0.85133,0.73131,1.6791
0.47863,0.90131,0.92463,0.8741,0.76816,1.6943
0.47883,0.90259,0.92382,0.89571,0.80473,1.6873
0.47856,0.90283,0.92332,0.91432,0.84677,1.6406
0.47788,0.90227,0.92221,0.92858,0.8922,1.5884
0.47697,0.90102,0.9208,0.93815,0.92877,1.5585
0.47638,0.90101,0.91906,0.94409,0.96845,1.5496
0.47616,0.9022,0.91725,0.94757,1.0123,1.5833
0.47631,0.90314,0.91606,0.94987,1.0793,1.5343
0.47647,0.90395,0.91584,0.95151,1.1314,1.551
0.47658,0.90439,0.9166,0.95221,1.1544,1.6064
0.47622,0.90428,0.91797,0.95167,1.1938,1.6638
0.47545,0.90317,0.91939,0.95023,1.2341,1.6311
0.47468,0.90059,0.91984,0.94873,1.2771,1.5836
0.47417,0.89454,0.91917,0.94795,1.3068,1.552
0.47396,0.88671,0.91769,0.94802,1.3649,1.5461
0.47396,0.87834,0.91614,0.94878,1.402,1.5715
0.47442,0.87071,0.91548,0.94959,1.4334,1.6051
0.47538,0.86502,0.91544,0.95019,1.4847,1.6476
0.47705,0.86322,0.91568,0.95058,1.5646,1.6977
0.47919,0.86358,0.91624,0.95052,1.7107,1.7904
0.48138,0.86458,0.91723,0.95079,1.6985,1.7028
0.48309,0.86448,0.91883,0.95104,1.682,1.5894
0.4837,0.86219,0.92098,0.95106,1.7113,1.5452
0.48308,0.85867,0.92313,0.95077,1.7331,1.5285
0.48138,0.85441,0.92462,0.95018,1.7734,1.5355
0.47905,0.85157,0.92506,0.94962,1.8137,1.5596
0.47661,0.84971,0.92484,0.94935,1.8595,1.6059
0.47435,0.84676,0.92419,0.94924,1.9151,1.6497
0.47268,0.84275,0.92328,0.94891,1.9495,1.6392
0.47161,0.83503,0.92307,0.94797,1.9974,1.598
0.47127,0.82183,0.92399,0.9466,2.0375,1.559
0.47178,0.80314,0.92569,0.94517,2.0668,1.541
0.47277,0.77954,0.92834,0.94383,2.1075,1.5345
0.47394,0.75021,0.93173,0.94333,2.1346,1.5462
0.47506,0.71687,0.93476,0.9438,2.1559,1.5809
0.47571,0.68401,0.93728,0.94495,2.1583,1.6308
0.47606,0.65835,0.93847,0.94617,2.1624,1.7027
0.47604,0.64525,0.93762,0.94679,2.1923,1.7429
0.47604,0.64555,0.93538,0.94679,2.2659,1.7913
0.47626,0.66174,0.93297,0.94623,2.319,1.8396
0.47671,0.68943,0.93085,0.94582,2.3216,1.8618
0.47725,0.72268,0.92967,0.94614,2.288,1.8597
0.47773,0.75653,0.92921,0.94757,2.2147,1.8155
0.47802,0.78766,0.92862,0.94995,2.1587,1.7757
0.47807,0.81398,0.92664,0.95295,2.0925,1.7422
0.478,0.8357,0.92288,0.95565,2.0168,1.7525
0.47794,0.85305,0.91825,0.95724,1.9358,1.7801
0.47791,0.867,0.91406,0.95711,1.8636,1.806
0.47783,0.87782,0.91204,0.9558,1.7891,1.8296
0.47749,0.88632,0.91216,0.9538,1.7428,1.8208
0.47691,0.89255,0.91369,0.95164,1.6726,1.787
0.47606,0.8967,0.91511,0.94996,1.6089,1.7582
0.47513,0.89875,0.91528,0.94849,1.5368,1.7292
0.47436,0.90101,0.91378,0.94732,1.4544,1.7229
0.47397,0.90391,0.91138,0.94635,1.3811,1.7482
0.4742,0.90787,0.90977,0.94513,1.3164,1.7819
0.47484,0.91124,0.91018,0.94298,1.2437,1.8184
0.47848,0.92166,0.9265,0.92705,0.99283,1.7228
0.47843,0.92257,0.92956,0.88753,0.87825,1.7109
0.47797,0.92237,0.93193,0.80124,0.82683,1.7319
0.47741,0.92106,0.93419,0.65695,0.76432,1.7804
0.47963,0.92415,0.9353,0.56642,0.46561,1.8498
0.47917,0.92532,0.93019,0.71062,0.51693,1.8441
0.47888,0.92478,0.92344,0.80836,0.55731,1.8317
0.47889,0.92243,0.91559,0.86309,0.60297,1.8504
0.47908,0.91912,0.90748,0.89238,0.67502,1.8964
0.4792,0.91544,0.89988,0.90904,0.74355,1.9343
0.47907,0.91187,0.89318,0.9212,0.83456,1.9638
0.47867,0.90933,0.88736,0.93028,0.89028,1.9593
0.47799,0.90755,0.88239,0.93563,0.97606,1.9129
0.47733,0.9061,0.87846,0.93791,1.0624,1.8702
0.47672,0.90497,0.87631,0.93851,1.151,1.8632
0.47635,0.90402,0.87755,0.93847,1.2702,1.8885
0.47618,0.90259,0.88196,0.93857,1.3432,1.9184
0.47639,0.90058,0.88799,0.93914,1.4424,1.9618
0.47695,0.89786,0.89726,0.94021,1.5488,1.9181
0.47784,0.89321,0.90642,0.94147,1.6472,1.8595
0.47882,0.88323,0.91652,0.94235,1.7452,1.8459
0.47954,0.86155,0.9241,0.94233,1.8507,1.8447
0.47978,0.82346,0.92992,0.94151,1.9465,1.8304
0.47954,0.77196,0.93525,0.94044,2.1288,1.7561
0.47892,0.71525,0.93804,0.93992,2.2034,1.7678
0.47798,0.66842,0.93973,0.94072,2.2325,1.8357
0.47698,0.64453,0.94051,0.94289,2.255,1.8628
0.47612,0.65182,0.94101,0.94599,2.3354,1.8495
0.47563,0.68674,0.94126,0.94895,2.3651,1.8732
0.47549,0.73581,0.94125,0.95082,2.3376,1.8946
0.47572,0.78644,0.93815,0.95098,2.2489,1.9066
0.47629,0.82745,0.932,0.94967,2.193,1.9006
0.47669,0.85586,0.9236,0.94777,2.1342,1.919
0.47675,0.87298,0.91507,0.94616,2.0743,1.9753
0.47662,0.88321,0.90567,0.94553,2.0169,2.0276
0.47651,0.89005,0.89708,0.94578,1.9329,2.0654
0.47641,0.89473,0.88878,0.94644,1.8704,2.0553
0.47618,0.89853,0.87908,0.94677,1.8039,2.0249
0.47575,0.90177,0.86807,0.94639,1.6974,1.9721
0.47517,0.90325,0.85711,0.94536,1.6577,1.9658
0.47449,0.90377,0.84874,0.94421,1.5962,1.9824
0.47385,0.90354,0.84584,0.94348,1.5165,2.0197
0.47369,0.9026,0.85056,0.9433,1.4486,2.0572
0.47457,0.9018,0.862,0.94352,1.4459,2.0554
0.47596,0.90128,0.87639,0.94361,1.3993,2.037
0.47761,0.90246,0.8903,0.9435,1.2946,1.9953
0.47912,0.90529,0.90108,0.94341,1.2316,1.9334
0.48056,0.90764,0.90732,0.94346,1.1908,1.915
0.48138,0.90896,0.90924,0.94315,1.1364,1.9224
0.48127,0.90755,0.91051,0.94079,1.0868,1.9692
0.48088,0.90416,0.91306,0.93437,1.0465,2.0078
0.4806,0.90095,0.91861,0.92186,0.98137,2.0528
0.48034,0.89866,0.92754,0.90306,0.92864,2.0612
0.48024,0.8981,0.93698,0.88045,0.87292,2.0357
0.48046,0.89854,0.94567,0.85746,0.77792,1.9815
0.4806,0.90035,0.9527,0.83835,0.71594,1.9528
0.48063,0.90409,0.95841,0.82532,0.64526,1.9242
0.48064,0.9081,0.96204,0.81933,0.6365,1.9376
0.48076,0.91126,0.96358,0.81931,0.64858,1.9804
0.48109,0.91297,0.96502,0.82311,0.65031,2.0104
0.48144,0.91273,0.96562,0.82935,0.62257,2.0264
0.48159,0.91039,0.9655,0.83674,0.57598,2.0356
0.48135,0.90713,0.96571,0.84458,0.53517,2.0703
0.48058,0.90396,0.96508,0.85253,0.49386,2.1399
0.47942,0.90204,0.96181,0.86056,0.48874,2.1796
0.4782,0.90132,0.95702,0.869,0.50051,2.2039
0.47725,0.90194,0.94951,0.87839,0.54224,2.1777
0.47684,0.90331,0.93716,0.88912,0.60605,2.1367
0.4769,0.90464,0.92171,0.90085,0.65076,2.1191
0.47745,0.90589,0.90378,0.91286,0.71993,2.1283
0.47832,0.90689,0.88612,0.92371,0.78984,2.1525
0.4793,0.90746,0.87011,0.9323,0.84551,2.1685
0.48032,0.9073,0.85526,0.93784,0.97192,2.1894
0.48103,0.90576,0.83808,0.94036,1.0397,2.1738
0.48135,0.9029,0.81655,0.94094,1.0903,2.1254
0.4812,0.89942,0.78982,0.94042,1.1567,2.1226
0.48076,0.89645,0.76144,0.93973,1.2241,2.1366
0.48021,0.89461,0.73796,0.93924,1.2776,2.1557
0.47956,0.89488,0.72681,0.93902,1.325,2.1722
0.47882,0.89674,0.73275,0.93895,1.421,2.1803
0.47791,0.89874,0.75337,0.93888,1.557,2.0959
0.4768,0.89954,0.78377,0.93875,1.558,2.1298
0.47569,0.89765,0.81573,0.93861,1.5637,2.1497
0.47484,0.89346,0.8444,0.93853,1.6446,2.1123
0.47459,0.8877,0.8664,0.9386,1.719,2.1011
0.47502,0.88106,0.88312,0.93882,1.8239,2.105
0.47565,0.87401,0.8973,0.93912,1.889,2.1195
0.47624,0.86628,0.91166,0.9394,1.9418,2.1389
0.47654,0.85858,0.9274,0.93955,2.0074,2.1385
0.47657,0.85199,0.94313,0.93954,2.0597,2.1248
0.47648,0.84785,0.95592,0.9394,2.1573,2.08
0.47643,0.84764,0.96321,0.93915,2.2465,2.0337
0.47651,0.85077,0.96775,0.93892,2.2581,2.0648
0.47658,0.85596,0.9686,0.93877,2.249,2.092
0.47658,0.86177,0.96853,0.93874,2.2665,2.1494
0.47639,0.86625,0.97056,0.93878,2.2764,2.1909
0.47592,0.86892,0.9728,0.93882,2.289,2.239
0.47527,0.86939,0.97518,0.93873,2.3119,2.2805
0.47453,0.8678,0.97603,0.93848,2.3444,2.3289
0.47392,0.86559,0.97164,0.93809,2.3448,2.3647
0.47366,0.8641,0.95788,0.93774,2.2772,2.3467
0.4738,0.86411,0.93427,0.93759,2.2147,2.3182
0.4744,0.86664,0.90079,0.93769,2.1401,2.2901
0.47529,0.87148,0.8602,0.9379,2.0692,2.2977
0.47629,0.87765,0.81542,0.93801,2.0123,2.31
0.47724,0.88457,0.76575,0.93793,1.9147,2.3438
0.47799,0.89106,0.7057,0.93777,1.8119,2.3481
0.47841,0.89646,0.63009,0.93775,1.7368,2.339
0.4785,0.90119,0.53712,0.93793,1.6648,2.3283
0.47832,0.90493,0.43795,0.93798,1.566,2.3176
0.47804,0.90711,0.35428,0.93736,1.4965,2.3227
0.47789,0.90823,0.31273,0.93549,1.4164,2.3485
0.47796,0.90893,0.33437,0.93227,1.3419,2.3693
0.47827,0.90989,0.41518,0.9283,1.2704,2.4344
0.47874,0.91114,0.53905,0.9246,1.206,2.4747
0.47905,0.91259,0.67512,0.92219,1.1322,2.4612
0.47913,0.91408,0.7968,0.92157,0.99946,2.4103
0.47901,0.91534,0.88561,0.9229,0.9064,2.3867
0.4789,0.91576,0.93455,0.92569,0.76409,2.3795
0.47908,0.91517,0.9528,0.92888,0.67143,2.3914
0.47964,0.91292,0.95119,0.93129,0.56384,2.4108
0.48054,0.90933,0.94486,0.93152,0.50516,2.4162
0.4813,0.9052,0.94077,0.92907,0.52527,2.4156
0.48148,0.90157,0.94012,0.92423,0.59896,2.4175
0.48083,0.89954,0.94339,0.91884,0.65128,2.4162
0.47944,0.89951,0.94752,0.91501,0.69007,2.4044
0.47757,0.90082,0.9508,0.91464,0.68417,2.3812
0.4757,0.90238,0.94256,0.91811,0.66344,2.3587
0.47425,0.90361,0.92163,0.92405,0.67063,2.3568
0.47352,0.90429,0.88537,0.93053,0.72486,2.3796
0.47347,0.90431,0.82572,0.93552,0.79622,2.4125
0.47393,0.90436,0.73636,0.93852,0.86145,2.4202
0.47475,0.90569,0.61253,0.93969,0.93853,2.4071
0.47565,0.90871,0.46483,0.9398,1.1263,2.4794
0.47648,0.9132,0.3206,0.93962,1.2522,2.5106
0.47708,0.91916,0.21507,0.93945,1.328,2.4959
0.47735,0.92351,0.18241,0.9394,1.3078,2.4035
0.47749,0.92509,0.22664,0.93933,1.3823,2.4083
0.47767,0.92315,0.33717,0.93925,1.4656,2.4117
0.47803,0.91889,0.47924,0.93918,1.568,2.4005
0.47862,0.91541,0.61744,0.93906,1.6698,2.3672
0.47927,0.91477,0.72882,0.93887,1.7482,2.3458
0.47974,0.91725,0.80609,0.93854,1.8663,2.3617
0.47986,0.92043,0.85819,0.9381,1.938,2.406
0.47958,0.92096,0.89444,0.93765,1.9801,2.4344
0.47908,0.91585,0.92077,0.93737,2.0367,2.4323
0.47854,0.90467,0.94232,0.93734,2.0891,2.3993
0.47813,0.88893,0.96427,0.93758,2.1467,2.3569
0.47804,0.87243,0.98127,0.93801,2.1881,2.3321
0.47815,0.85828,0.99359,0.93851,2.2234,2.3017
0.47834,0.84857,0.99824,0.939,2.3005,2.2685
0.47862,0.84418,0.99921,0.9394,2.3765,2.2379
0.47907,0.84511,0.9947,0.93976,2.4077,2.201
0.47976,0.85043,0.98843,0.93994,2.3856,2.1821
0.48056,0.85858,0.98044,0.93999,2.3539,2.1964
0.48106,0.86784,0.96907,0.93995,2.3246,2.2301
0.48091,0.87617,0.95192,0.93989,2.2868,2.2664
0.47989,0.88281,0.92757,0.93975,2.2074,2.2627
0.47834,0.88706,0.89254,0.93953,2.0846,2.2407
0.47666,0.89073,0.84827,0.93926,2.0211,2.2007
0.47536,0.89418,0.79993,0.93904,1.9454,2.1972
0.47469,0.89671,0.75572,0.93908,1.8552,2.2215
0.4747,0.89838,0.72148,0.93941,1.7659,2.2598
0.47522,0.89891,0.70009,0.94026,1.7103,2.2771
0.47606,0.89882,0.68916,0.94177,1.6298,2.2801
0.47705,0.89862,0.68432,0.94399,1.5478,2.2576
0.47794,0.89919,0.6827,0.9469,1.471,2.2342
0.47869,0.9008,0.68481,0.95001,1.4207,2.222
0.47922,0.90216,0.69418,0.95241,1.3598,2.2204
0.47941,0.90374,0.71481,0.95261,1.2785,2.244
0.47942,0.90398,0.74642,0.94957,1.2037,2.2766
0.47937,0.90271,0.78634,0.94254,1.1177,2.3058
0.47937,0.90073,0.82815,0.93214,1.0696,2.3077
0.47919,0.89916,0.86599,0.92031,1.0303,2.2981
0.47878,0.89892,0.89602,0.90912,0.94071,2.2597
0.47803,0.90031,0.91733,0.90046,0.8687,2.242
0.47708,0.9027,0.93045,0.89408,0.82603,2.2544
0.47616,0.90522,0.93843,0.88796,0.76485,2.2856
0.47551,0.90683,0.94477,0.87782,0.68379,2.3098
0.4754,0.90717,0.9503,0.85969,0.6272,2.3092
0.47578,0.90625,0.955,0.83077,0.61517,2.2922
0.47639,0.90463,0.95766,0.79271,0.59945,2.23
0.47744,0.903,0.95845,0.75254,0.58092,2.173
0.47898,0.90199,0.9575,0.71969,0.55422,2.1205
0.48077,0.90204,0.95469,0.70468,0.52207,2.0621
0.48262,0.90315,0.9485,0.71066,0.47538,1.9794
0.48412,0.90503,0.93918,0.73658,0.45971,1.9338
0.48482,0.90802,0.92909,0.77481,0.49271,1.9286
0.48464,0.90973,0.91982,0.81565,0.54472,1.9513
0.48375,0.90974,0.91175,0.85222,0.58184,1.9723
0.48268,0.90757,0.90304,0.88085,0.6445,1.9875
0.48176,0.90394,0.89236,0.90237,0.71021,1.9807
0.48112,0.89968,0.87636,0.91801,0.80977,1.9564
0.48058,0.896,0.86058,0.9292,0.91658,1.9531
0.48016,0.89327,0.84412,0.93676,0.98924,1.9726
0.47982,0.89205,0.83233,0.94078,1.0742,2.0096
0.47992,0.89182,0.82586,0.94186,1.1551,2.0315
0.48048,0.89118,0.82451,0.94123,1.2606,2.0308
0.48154,0.89018,0.82809,0.93993,1.3396,2.0144
0.48262,0.88898,0.83293,0.9389,1.4527,1.9916
